halo3;h3_epitaph_epilogue_bruteshotFix.mvar;;1;;;;;;
halo3;h3_hardcoreConstruct.mvar;;1;;;;;;
halo3;h3_hardcoreConstruct_ts.mvar;;1;;;;;;
halo3;h3_hardcoreFoundry_amplified.mvar;;1;;;;;;
halo3;h3_hardcoreFoundry_onslaught.mvar;;1;;;;;;
halo3;h3_hardcoreGuardian.mvar;;1;;;;;;
halo3;h3_hardcoreHeretic.mvar;;1;;;;;;
halo3;h3_hardcoreHeretic_ffa.mvar;;1;;;;;;
halo3;h3_hardcoreNarrows.mvar;;1;;;;;;
halo3;h3_hardcorePit.mvar;;1;;;;;;
halo3;INF AvP Aliens.mvar;AvP Aliens.bin;1;try;try;;;;
halo3;INF Hide&Seek.mvar;Ghost Busters.bin;1;;wrong gamemode;;;;
halo3;INF ZombPltform.mvar;Zombie Platform.bin;1;try;try;;;;
halo3;MINI Armageddon.mvar;Chaos.bin;1;seems good;;;;;
halo3;MINI Cat & Mice.mvar;Cat & Mice.bin;1;could try;;;;;
haloreach;MINI Frogger.mvar;Frogger.bin;1;;;;;;
halo3;MINI Grano Halo.mvar;Halo.bin;1;;good;;;;
halo3;MINI Hog Pit 2.mvar;Hog The Hill.bin;1;;;;;;
halo3;MINI Hog Pit.mvar;Hog The Hill.bin;1;;;;;;
halo3;MINI Hogcano.mvar;Hogcanic King.bin;1;;;;;;
halo3;MINI JengaTwer8.mvar;Jenga.bin;1;;good;;;;
halo3;MINI JengaTwerX.mvar;Jenga.bin;1;;better;;;;
halo3;MINI JengaTwr51.mvar;Jenga.bin;1;;best;;;;
halo3;MINI JengaWall.mvar;Jenga.bin;1;;best;;;;
halo3;MINI Lava Pit.mvar;Sacrifice.bin;1;;eggcellent;;;;
halo3;MINI Skyline.mvar;Hog The Hill.bin;1;;great;;;;
halo3;MINI SpaghHalo.mvar;Halo.bin;1;;;;;;
halo3;MINI Stoplight.mvar;Break In.bin;1;;good;;;;
halo3;MISC Dig To China.mvar;Zombie Platform.bin;1;try;try;;;;
halo3;RACE Alcyone BT.mvar;;1;;;;;;
halo3;RACE Battery BT.mvar;;1;;;;;;
halo3;RACE Blackheart.mvar;;1;;;;;;
halo3;RACE CherryKiss.mvar;;1;;;;;;
halo3;year2_sandtrap_sandtarp_012.mvar;;1;;;;;;
halo3;year2_snowbound_boundless_012.mvar;;1;;;;;;
halo3;year2_the_pit_pitstop_012.mvar;;1;;;;;;
haloreach;beaver_creek_cl_031.mvar;;1;;;;;;
haloreach;damnation_cl_031.mvar;;1;;;;;;
haloreach;HaloWare2 Map.mvar;;1;;;;;;
haloreach;HaloWareMap.mvar;;1;;;;;;
haloreach;hang_em_high_cl_031.mvar;;1;;;;;;
haloreach;headlong_cl_031.mvar;;1;;;;;;
haloreach;hr_forgeWorld_asylum.mvar;;1;;;;;;
haloreach;hr_forgeWorld_hemorrhage.mvar;;1;;;;;;
haloreach;hr_forgeWorld_paradiso.mvar;;1;;;;;;
haloreach;hr_forgeWorld_pinnacle.mvar;;1;;;;;;
haloreach;hr_forgeWorld_theCage.mvar;;1;;;;;;
haloreach;INF ZM_Launch.mvar;[Infection] ZM_Outbreak (Squishy).bin;1;;;;;;
haloreach;MINI 4 Corners.mvar;;1;;;;;;
haloreach;MINI Avalanche.mvar;;1;;;;;;
haloreach;MINI Banshee Attack.mvar;;1;;;;;;
haloreach;MINI Banshee vs Mongoose Ultra.mvar;;1;;;;;;
haloreach;MINI Barrel Roll.mvar;;1;;;;;;
haloreach;MINI Battleship Blockade.mvar;;1;;;;;;
haloreach;MINI Beck's House.mvar;;1;;;;;;
haloreach;MINI Bull's Arena.mvar;;1;;;;;;
haloreach;MINI Bumblebanshee Hive.mvar;;1;;;;;;
haloreach;MINI Bushido.mvar;;1;;;;;;
haloreach;MINI Cat n Mouse.mvar;;1;;;;;;
haloreach;MINI Chasin' The Asians.mvar;;1;;;;;;
haloreach;MINI Checker Board.mvar;;1;;;;;;
haloreach;MINI CLAUSTROPHOBIA.mvar;[Infection] Claustrophobia (Syn's Cookies) (MINI Claustrophobia).bin;1;;;;;;
haloreach;MINI Clogged.mvar;;1;;;;;;
haloreach;MINI Club Guido Juice.mvar;;1;;;;;;
haloreach;MINI Cookies!!!.mvar;;1;;;;;;
haloreach;MINI Crash-Up Canyon.mvar;[KOTH] Rent-a-Car (MINI Crash-up maps).bin;1;;;;;;
haloreach;MINI Crash-Up Cyclone.mvar;[KOTH] Rent-a-Car (MINI Crash-up maps).bin;1;;;;;;
haloreach;MINI Crash-Up Derby.mvar;[KOTH] Rent-a-Car (MINI Crash-up maps).bin;1;square;ok;;;;
haloreach;MINI Crate Parade.mvar;;1;;;;;;
haloreach;MINI Crossfire.mvar;;1;;;;;;
haloreach;MINI DKH - Double Duck Hunt.mvar;;1;;;;;;
haloreach;MINI DKH - Duck Hunt Extreme.mvar;;1;;;;;;
haloreach;MINI DKH - R4's Duck Hunt.mvar;;1;;;;;;
haloreach;MINI DKH - Swan Course.mvar;;1;;;;;;
haloreach;MINI DO NOT FALL!!.mvar;;1;;;;;;
haloreach;MINI Dodge Ball (Trusty Sn00ze's).mvar;;1;;;;;;
haloreach;MINI Drag Race Badger City.mvar;;1;;;;;;
haloreach;MINI Drag Race Mayhem.mvar;;1;;;;;;
haloreach;MINI Drag Race.mvar;;1;;;;;;
haloreach;MINI Duckies VS Warthogs.mvar;[Infection] Vehicular Manslaughter.bin;1;try;;;;;
haloreach;MINI Dust on the Ground.mvar;;1;;;;;;
haloreach;MINI Easter Egg Hunt.mvar;;1;;;;;;
haloreach;MINI Evade V2.mvar;;1;;;;;;
haloreach;MINI Fallin' Falcons TRUE.mvar;;1;;;;;;
haloreach;MINI Flip Your Banshee.mvar;;1;;;;;;
haloreach;MINI Floormaster.mvar;;1;;;;;;
haloreach;MINI Four Corners.mvar;;1;;;;;;
haloreach;MINI Frogger (Tanks).mvar;;1;;;;;;
haloreach;MINI Ghostbusters - Foundry.mvar;[Infection] Ghostbusters (MINI Ghostbusters maps).bin;1;try;;;;;
haloreach;MINI Ghostbusters.mvar;[Infection] Ghostbusters (MINI Ghostbusters maps).bin;1;try;;;;;
haloreach;MINI Grab and Hold.mvar;;1;;;;;;
haloreach;MINI Hall of Balls.mvar;;1;;;;;;
haloreach;MINI HALO - D Bo's HALO.mvar;;1;;;;;;
haloreach;MINI HALO - Dangle's HALO.mvar;;1;;;;;;
haloreach;MINI HALO - Gh3TTo's HALO.mvar;;1;;;;;;
haloreach;MINI HALO - Phazon's HALO.mvar;;1;;;;;;
haloreach;MINI Hide & Seek (Willy's).mvar;;1;;;;;;
haloreach;MINI Hog Derby - Sky High.mvar;;1;;;;;;
haloreach;MINI Hog Derby - Waterfall.mvar;[KOTH] Rent-A-Hog (MINI Crash-up maps).bin;1;;;;;;
haloreach;MINI Hog Hallway.mvar;;1;;;;;;
haloreach;MINI Hogs From Heck.mvar;[Infection] Sunday Driver (MINI Hogs from Heck).bin;1;to try;;;;;
haloreach;MINI How We Roll.mvar;;1;;;;;;
haloreach;MINI Ice Breaker.mvar;;1;;;;;;
haloreach;MINI Ice Cream Man.mvar;;1;;;;;;
haloreach;MINI Imperial Star Destroyer.mvar;;1;;;;;;
haloreach;MINI Jaws.mvar;;1;;;;;;
haloreach;MINI Jenga - 2019.mvar;;1;;;;;;
haloreach;MINI Jenga - True 1.1.mvar;;1;;;;;;
haloreach;MINI Jenga 2.0.mvar;;1;;;;;;
haloreach;MINI Jump Rope.mvar;;1;;;;;;
haloreach;MINI King of the Hog.mvar;;1;;;;;;
haloreach;MINI Knock 'Em.mvar;;1;;;;;;
haloreach;MINI Knockin' Zombs.mvar;;1;;;;;;
haloreach;MINI Landslide 4.0.mvar;;1;;;;;;
haloreach;MINI Laser Dodgeball.mvar;;1;;;;;;
haloreach;MINI Laser Pond.mvar;;1;;;;;;
haloreach;MINI Meteor Run.mvar;;1;;;;;;
haloreach;MINI Michael Myers.mvar;;1;;;;;;
haloreach;MINI Mole Massacre.mvar;;1;;;;;;
haloreach;MINI Munchies.mvar;;1;;;;;;
haloreach;MINI Musical Chairs.mvar;;1;;;;;;
haloreach;MINI Nom Nom 1.8.4.mvar;;1;;;;;;
haloreach;MINI Paratroopers.mvar;;1;;;;;;
haloreach;MINI PB - Back to the Future.mvar;;1;;;;;;
haloreach;MINI PB - War March.mvar;;1;;;;;;
haloreach;MINI Penguin Patrol.mvar;;1;;;;;;
haloreach;MINI Plasma Dodgers.mvar;;1;;;;;;
haloreach;MINI Plummeting Pilots Arena.mvar;;1;;;;;;
haloreach;MINI Portal Runners.mvar;;1;;;;;;
haloreach;MINI Propane Storage .mvar;;1;;;;;;
haloreach;MINI Protect Your Flags.mvar;;1;;;;;;
haloreach;MINI Push o' War.mvar;;1;;;;;;
haloreach;MINI Race War (Large).mvar;;1;;;;;;
haloreach;MINI Raindrops.mvar;;1;;;;;;
haloreach;MINI Rocket Pond.mvar;;1;;;;;;
haloreach;MINI Rotation.mvar;;1;;;;;;
haloreach;MINI Rotunda 2.0.mvar;;1;;;;;;
haloreach;MINI Run From Barney (Red's).mvar;;1;;;;;;
haloreach;MINI Run From Barney 5.0.mvar;;1;;;;;;
haloreach;MINI Run From Barney `.mvar;;1;;;;;;
haloreach;MINI Run from Purple Boi.mvar;;1;;;;;;
haloreach;MINI Run From Zombert.mvar;;1;;;;;;
haloreach;MINI SD[I] - Trenches.mvar;;1;;;;;;
haloreach;MINI Sharks and Minnows.mvar;;1;;;;;;
haloreach;MINI Soccerball Mayham!.mvar;[KOTH] Dem Balls! (MINI Soccerball Mayhem!).bin;1;;;;;;
haloreach;MINI Speed.mvar;[Infection] NASCAR Pro (Speed Halo).bin;1;;;;;;
haloreach;MINI Splatter Arena.mvar;;1;;;;;;
haloreach;MINI Splatter Monkey X.mvar;[Infection] Splatter Monkey (MINI Splatter Monkey).bin;1;;great;;;;
haloreach;MINI SPLATTER MONKEY.mvar;;1;;;;;;
haloreach;MINI Stealin' Your Flags 4v4.mvar;;1;;;;;;
haloreach;MINI Stealin' Your Flags 8v8.mvar;;1;;;;;;
haloreach;MINI Stepping Stones.mvar;[Infection] Jenga TRUE.bin;1;;;;;;
haloreach;MINI Storage Chambers.mvar;;1;;;;;;
haloreach;MINI Swordfish.mvar;;1;;;;;;
haloreach;MINI Tetris.mvar;;1;;;;;;
haloreach;MINI The Alleyway.mvar;;1;;;;;;
haloreach;MINI The Blood Bowl.mvar;;1;;;;;;
haloreach;MINI The Cretan Labyrinth.mvar;;1;;;;;;
haloreach;MINI The Shire.mvar;;1;;;;;;
haloreach;MINI Toilet.mvar;;1;;;;;;
haloreach;MINI Tornado Arena.mvar;;1;;;;;;
haloreach;MINI Toy Factory (Tetris).mvar;;1;;;;;;
haloreach;MINI Trash Compactor Extreme.mvar;;1;;;;;;
haloreach;MINI Trash Man.mvar;;1;;;;;;
haloreach;MINI Trinkets.mvar;;1;;;;;;
haloreach;MINI Whac-a-Mole.mvar;;1;;;;;;
haloreach;MINI WOLF.mvar;;1;;;;;;
haloreach;MINI World of Flanks.mvar;;1;;;;;;
haloreach;MINI Yahoo.mvar;;1;;;;;;
haloreach;MISC HaloBall Court X.mvar;[Action Sack] Halo Ball.bin;1;try;;;;;
haloreach;MISC HaloBall Court.mvar;[Action Sack] Halo Ball.bin;1;try;;;;;
haloreach;prisoner_cl_031.mvar;;1;;;;;;
haloreach;timberland_cl_031.mvar;;1;;;;;;
halo3;C&R LibertyCtyII.mvar;;;;;;;;
halo3;FK 5 Chambers.mvar;;;;;;;;
halo3;FK 5 ChambersV2.mvar;;;;;;;;
halo3;FK 5 ChambersV3.mvar;;;;;;;;
halo3;FK 5 ChambersV4.mvar;;;;;;;;
halo3;FK Chambers 5of5.mvar;;;;;;;;
halo3;FK Mansion Mad.mvar;;;;;;;;
halo3;FK OmegaJourney.mvar;;;;;;;;
halo3;FK OmegaJourny1.mvar;;;;;;;;
halo3;FK OmegaJourny2.mvar;;;;;;;;
halo3;FK OmegaJourny3.mvar;;;;;;;;
halo3;FK OmegaJourny6.mvar;;;;;;;;
halo3;FK OmegaJrny 1.mvar;;;;;;;;
halo3;FK OmegaJrny 2.mvar;;;;;;;;
halo3;FK OmegaJrny 3.mvar;;;;;;;;
halo3;FK OmegaJrny 6.mvar;;;;;;;;
halo3;FK OmegaJrny.mvar;;;;;;;;
halo3;FK QuickFatty.mvar;;;;;;;;
halo3;FK SabreJourney.mvar;2v1 Saber Duel.bin;0;x;x;;;;
halo3;FK SkycastlMaze.mvar;;;;;;;;
halo3;FK SWOMP.mvar;;;;;;;;
halo3;grifball_agla_foundry_012.mvar;grifball_010.bin;0;;;;;;
halo3;grifball_agla_sandbox_012.mvar;;;;;;;;
halo3;grifball_blockdrop_court_012.mvar;;;;;;;;
halo3;grifball_court_08_012.mvar;;;;;;;;
halo3;grifball_court_09_012.mvar;;;;;;;;
halo3;grifball_court_gsh_012.mvar;;;;;;;;
halo3;grifball_grifball_club_012.mvar;;;;;;;;
halo3;grifball_grifball_naught_012.mvar;;;;;;;;
halo3;grifball_noxy_court_012.mvar;;;;;;;;
halo3;halo3.hexpat;;;;;;;;
halo3;INF 3 Houses.mvar;;;;;;;;
halo3;INF 30 Days of Night.mvar;;;;;;;;
halo3;INF 30DayOfNight.mvar;;;;;;;;
halo3;INF 4 Levels Foundry.mvar;;;;;;;;
halo3;INF 4 Levels Sandbox.mvar;;;;;;;;
halo3;INF 4YourLifeV2.mvar;;;;;;;;
halo3;INF 8 Chambers.mvar;;;;;;;;
halo3;INF Amalgam V2.mvar;;;;;;;;
halo3;INF Area 51.mvar;;;;;;;;
halo3;INF AvP Township.mvar;;;;;;;;
halo3;INF Berzerker V2.mvar;;;;;;;;
halo3;INF Boathouse.mvar;;;;;;;;
halo3;INF Bridge.mvar;;;;;;;;
halo3;INF Bunker Hill.mvar;;;;;;;;
halo3;INF Campground2.mvar;;;;;;;;
halo3;INF Castle Warz.mvar;;;;;;;;
halo3;INF Christmas Eve 2.mvar;;;;;;;;
halo3;INF Close The Door.mvar;;;;;;;;
halo3;INF Cyclone.mvar;Cyclone.bin;0;;trash;;;;
halo3;INF Dead Space.mvar;;;;;;;;
halo3;INF Deserted.mvar;;;;;;;;
halo3;INF Dig To China.mvar;;;;;;;;
halo3;INF Elephantits.mvar;;;;;;;;
halo3;INF Failure V12.mvar;;;;;;;;
halo3;INF Fat Arena 2.mvar;;;;;;;;
halo3;INF Fat Arena.mvar;;;;;;;;
halo3;INF Fish Sticks.mvar;;;;;;;;
halo3;INF Great Jrney.mvar;;;;;;;;
halo3;INF HntTheMoles.mvar;;;;;;;;
halo3;INF HouseOTDead.mvar;;;;;;;;
halo3;INF HousoHorror.mvar;;;;;;;;
halo3;INF Indstry Vly.mvar;Haloween.bin;0;;;;;;
halo3;INF Ire of Fire.mvar;;;;;;;;
halo3;INF Junkyard.mvar;;;;;;;;
halo3;INF L4D Castle.mvar;;;;;;;;
halo3;INF Left 4 Dead.mvar;Left For Dead.bin;0;;trash;;;;
halo3;INF Lockdown.mvar;;;;;;;;
halo3;INF LockTheDoor.mvar;;;;;;;;
halo3;INF Mansion Mad.mvar;;;;;;;;
halo3;INF Mausoleum.mvar;;;;;;;;
halo3;INF NachtDer.mvar;;;;;;;;
halo3;INF NatzyZombie.mvar;;;;;;;;
halo3;INF Pavilion.mvar;;;;;;;;
halo3;INF Predator.mvar;;;;;;;;
halo3;INF RandomCrypt.mvar;;;;;;;;
halo3;INF RsidntEvil1.mvar;;;;;;;;
halo3;INF SAW V.mvar;;;;;;;;
halo3;INF SAW VIII.mvar;;;;;;;;
halo3;INF SchismLight.mvar;;;;;;;;
halo3;INF Shi No Numa.mvar;;;;;;;;
halo3;INF ShiNoNuma.mvar;;;;;;;;
halo3;INF Stairwy2Hvn.mvar;;;;;;;;
halo3;INF The Cave.mvar;;;;;;;;
halo3;INF The Sahara.mvar;;;;;;;;
halo3;INF The Train.mvar;;;;;;;;
halo3;INF TheGauntlet.mvar;The Gauntlet.bin;0;;;;;;
halo3;INF TheJunkyard.mvar;;;;;;;;
halo3;INF TUNNEL RATS.mvar;;;;;;;;
halo3;INF Underground.mvar;;;;;;;;
halo3;INF Uprising.mvar;;;;;;;;
halo3;INF Ventilation.mvar;;;;;;;;
halo3;INF Waterbufalo.mvar;;;;;;;;
halo3;INF WTF.mvar;;;;;;;;
halo3;INF Your Mind.mvar;;;;;;;;
halo3;INF Zomb Church.mvar;;;;;;;;
halo3;INF Zomb Def.mvar;;;;;;;;
halo3;INF Zomb HousDE.mvar;;;;;;;;
halo3;INF Zomb Tree.mvar;;;;;;;;
halo3;INF Zombah City.mvar;;;;;;;;
halo3;INF Zombie Grnd.mvar;;;;;;;;
halo3;INF Zombie Town.mvar;;;;;;;;
halo3;INF ZombieChrch.mvar;;;;;;;;
halo3;INF Zombieoff.mvar;;;;;;;;
halo3;INF Zombitaph.mvar;;;;;;;;
halo3;INF ZombMazeLv1.mvar;;;;;;;;
halo3;INF Zombolation.mvar;;;;;;;;
halo3;INF ZombRescue.mvar;;;;;;;;
halo3;INF Zomstruct.mvar;;;;;;;;
halo3;legacy_arena_foundry_kentuckyTango.mvar;;;;;;;;
halo3;legacy_arena_sandbox_aerocrest.mvar;;;;;;;;
halo3;legacy_arena_sandbox_campgrounds.mvar;;;;;;;;
halo3;legacy_arena_sandbox_carbon.mvar;;;;;;;;
halo3;legacy_arena_sandbox_dream_on.mvar;;;;;;;;
halo3;legacy_arena_sandbox_mantle.mvar;;;;;;;;
halo3;legacy_asset_ratsNest_lastBirdOut.mvar;;;;;;;;
halo3;legacy_asset_sandbox_protocol.mvar;;;;;;;;
halo3;legacy_asset_sandbox_ridgeside.mvar;;;;;;;;
halo3;legacy_btb_sandbox_galaxyMilk.mvar;;;;;;;;
halo3;legacy_btb_sandbox_multicog.mvar;;;;;;;;
halo3;legacy_btb_sandbox_rockSolid.mvar;;;;;;;;
halo3;legacy_con_foundry_paralysis.mvar;;;;;;;;
halo3;legacy_con_sandbox_greatWall.mvar;;;;;;;;
halo3;legacy_con_sandbox_socraticMethod.mvar;;;;;;;;
halo3;legacy_inf_blackout_drillingBay.mvar;;;;;;;;
halo3;legacy_inf_ghostTown_lastDay.mvar;;;;;;;;
halo3;legacy_inf_sandbox_mausoleum.mvar;;;;;;;;
halo3;legacy_puzz_foundry_forgersCell.mvar;;;;;;;;
halo3;legacy_race_avalanche_frostbite.mvar;;;;;;;;
halo3;legacy_race_foundry_saturn.mvar;;;;;;;;
halo3;legacy_race_sandbox_backBurner.mvar;;;;;;;;
halo3;legacy_race_sandbox_blackheart.mvar;;;;;;;;
halo3;legacy_race_sandbox_cherryKiss.mvar;;;;;;;;
halo3;legacy_race_sandbox_glaciate.mvar;;;;;;;;
halo3;legacy_sack_foundry_distortion.mvar;;;;;;;;
halo3;legacy_sack_foundry_palletParade.mvar;;;;;;;;
halo3;legacy_sack_foundry_purpleBunker.mvar;;;;;;;;
halo3;legacy_sack_foundry_randomCrypt.mvar;;;;;;;;
halo3;legacy_sack_lastResort_theTrain.mvar;;;;;;;;
halo3;legacy_sack_sandbox_beeHive.mvar;;;;;;;;
halo3;legacy_sack_sandbox_blastOff.mvar;;;;;;;;
halo3;legacy_sack_sandbox_halo.mvar;;;;;;;;
halo3;legacy_sack_sandbox_lavaPit.mvar;;;;;;;;
halo3;legacy_sack_sandbox_pinballMachine.mvar;;;;;;;;
halo3;legacy_sack_sandbox_pondJumping.mvar;;;;;;;;
halo3;MINI 4WhlFrnzy2.mvar;Monster Trucks.bin;0;;;;;;
halo3;MINI 9-11.mvar;Protect Bush.bin;0;trash;trash;;;;
halo3;MINI Aerial Jousting.mvar;;;;;;;;
halo3;MINI Avalanche Man.mvar;Avalanche Man.bin;0;trash;trash;;;;
halo3;MINI Back Burner.mvar;;;;;;;;
halo3;MINI Blast Off.mvar;Fly High.bin;0;;garbage;;;;
halo3;MINI BnchOCocnt.mvar;;;;;;;;
halo3;MINI Bullseye.mvar;infection-3_010.bin;0;;;;;;
halo3;MINI Burger King.mvar;Cops & Robbers.bin;0;;;;;;
halo3;MINI Bus Stop Kids.mvar;Baddies SneakUp.bin;0;;;;;;
halo3;MINI But Dfnder.mvar;;;;;;;;
halo3;MINI Catapult.mvar;;;;;;;;
halo3;MINI Chess.mvar;;;;;;;;
halo3;MINI Chuck N.mvar;;;;;;;;
halo3;MINI Circle Of Life.mvar;;;;;;;;
halo3;MINI Classroom.mvar;;;;;;;;
halo3;MINI Cold Mtn.mvar;;;;;;;;
halo3;MINI CryptoDoom.mvar;;;;;;;;
halo3;MINI Deathball.mvar;;;;;;;;
halo3;MINI Demo Derby.mvar;Demo Racing v2.bin;0;;;;;;
halo3;MINI Desert Rkt.mvar;;;;;;;;
halo3;MINI Devil Knot.mvar;;;;;;;;
halo3;MINI DinghyWars.mvar;MISC Rock The Boat.bin;0;;;;;;
halo3;MINI Dodgeball.mvar;Dodgeball.bin;0;;;;;;
halo3;MINI Donkey K.mvar;Donkey Kong.bin;0;;;;;;
halo3;MINI DriveODie2.mvar;Drive or Die.bin;0;;;;;;
halo3;MINI DuckHuntH2.mvar;Duck hunt Halo.bin;0;to try;;;;;
halo3;MINI E DuckHnt3.mvar;Duck hunt Halo.bin;0;;;;;;
halo3;MINI ElephantWr.mvar;Ele.bin;0;trash;trash;;;;
halo3;MINI EscapeTemp.mvar;Temple Run.bin;0;;;;;;
halo3;MINI ExeArena.mvar;;;;;;;;
halo3;MINI Fish Bowl.mvar;;;;;;;;
halo3;MINI Flood Mine.mvar;;;;;;;;
halo3;MINI FloorBoard.mvar;;;;;;;;
halo3;MINI FrozenPali.mvar;;;;;;;;
halo3;MINI GGLFoundry.mvar;;;;;;;;
halo3;MINI Godzilla.mvar;;;;;;;;
halo3;MINI Grandma.mvar;;;;;;;;
halo3;MINI Graveyard.mvar;;;;;;;;
halo3;MINI Halo 2.2.mvar;;;;;;;;
halo3;MINI Halo 2.mvar;;;;;;;;
halo3;MINI Halo 3.mvar;;;;;;;;
halo3;MINI Halo(-_-).mvar;;;;;;;;
halo3;MINI HoboHeight.mvar;;;;;;;;
halo3;MINI HogPopMini.mvar;;;;;;;;
halo3;MINI Hot Lava.mvar;;;;;;;;
halo3;MINI Hulk 2.0.mvar;;;;;;;;
halo3;MINI Hurricane.mvar;Looters.bin;0;;;;;;
halo3;MINI Ice Castle.mvar;;;;;;;;
halo3;MINI Indefa.mvar;;;;;;;;
halo3;MINI Infamy.mvar;;;;;;;;
halo3;MINI Interogate.mvar;;;;;;;;
halo3;MINI IraqiTunel.mvar;;;;;;;;
halo3;MINI JengaTwr.mvar;Jenga.bin;0;;;;;;
halo3;MINI Jump Asslt.mvar;MISC Jump Assault.bin;0;;;;;;
halo3;MINI JumpOrDie.mvar;MISC Jump Assault.bin;0;;;;;;
halo3;MINI JurasicPrk.mvar;;;;;;;;
halo3;MINI KentkyTngo.mvar;;;;;;;;
halo3;MINI Kid LaneV3.mvar;;;;;;;;
halo3;MINI KiddieLane.mvar;;;;;;;;
halo3;MINI KidGoDown.mvar;;;;;;;;
halo3;MINI KidLaneV2.mvar;;;;;;;;
halo3;MINI KidsGoDown.mvar;;;;;;;;
halo3;MINI Laser Zone.mvar;Laser Tag.bin;0;;;;;;
halo3;MINI LavaMnster.mvar;;;;;;;;
halo3;MINI LilyPads.mvar;Leapfrog.bin;0;;;;;;
halo3;MINI LunarLand.mvar;;;;;;;;
halo3;MINI Mario Kart.mvar;;;;;;;;
halo3;MINI MonkySplat.mvar;Splatter Monkey.bin;0;;;;;;
halo3;MINI MonsterMad.mvar;;;;;;;;
halo3;MINI MonsterMad2.mvar;;;;;;;;
halo3;MINI MonstrTruk.mvar;;;;;;;;
halo3;MINI MoonLegend.mvar;;;;;;;;
halo3;MINI Mousetrap.mvar;;;;;;;;
halo3;MINI MTMongoose.mvar;;;;;;;;
halo3;MINI Mtn Climb.mvar;;;;;;;;
halo3;MINI NadeParade.mvar;;;;;;;;
halo3;MINI OceanArena.mvar;Waterbuffalo.bin;0;;;;;;
halo3;MINI Old People.mvar;;;;;;;;
halo3;MINI Pacman Map.mvar;;;;;;;;
halo3;MINI PacmnCrypt.mvar;;;;;;;;
halo3;MINI Paintball.mvar;;;;;;;;
halo3;MINI PalletPrde.mvar;;;;;;;;
halo3;MINI PinballMch.mvar;legacy_sack_pinball.bin;0;;;;;;
halo3;MINI Pinkyrena.mvar;;;;;;;;
halo3;MINI Pirates.mvar;;;;;;;;
halo3;MINI Pit Stop.mvar;;;;;;;;
halo3;MINI Playpark.mvar;;;;;;;;
halo3;MINI PondJmping.mvar;;;;;;;;
halo3;MINI Poo Chute.mvar;;;;;;;;
halo3;MINI ProSketbal.mvar;;;;;;;;
halo3;MINI PrpleReign.mvar;;;;;;;;
halo3;MINI Punt Pit.mvar;;;;;;;;
halo3;MINI RaininFire.mvar;;;;;;;;
halo3;MINI Ramp.mvar;;;;;;;;
halo3;MINI RamPlatfrm.mvar;;;;;;;;
halo3;MINI Ride o Dye.mvar;;;;;;;;
halo3;MINI RingOfFire.mvar;;;;;;;;
halo3;MINI RingoFire2.mvar;;;;;;;;
halo3;MINI Rio Grande.mvar;Duck hunt Halo.bin;0;;;;;;
halo3;MINI Scooby Doo.mvar;;;;;;;;
halo3;MINI SewerPipes.mvar;;;;;;;;
halo3;MINI SharknMino.mvar;;;;;;;;
halo3;MINI Sheep Hunt.mvar;Sheep Herder.bin;0;;;;;;
halo3;MINI ShootnRange.mvar;;;;;;;;
halo3;MINI ShrksMinos.mvar;;;;;;;;
halo3;MINI Slide.mvar;;;;;;;;
halo3;MINI Slppy Sldy.mvar;Slip and Slide.bin;0;;trash;;;;
halo3;MINI Smearogon.mvar;;;;;;;;
halo3;MINI Snafusebal.mvar;;;;;;;;
halo3;MINI Space.mvar;Space Invaders.bin;0;;;;;;
halo3;MINI SpdyGnzles.mvar;;;;;;;;
halo3;MINI SpookTruck.mvar;;;;;;;;
halo3;MINI SpookyTown.mvar;;;;;;;;
halo3;MINI Sprint.mvar;British Bulldog.bin;0;;;;;;
halo3;MINI Sumo Ring.mvar;Sumo FFA.bin;0;slayer;bad;;;;
halo3;MINI The Beasts.mvar;;;;;;;;
halo3;MINI The Borg.mvar;;;;;;;;
halo3;MINI The Crypt.mvar;;;;;;;;
halo3;MINI The Matrix.mvar;;;;;;;;
halo3;MINI The Sahara.mvar;;;;;;;;
halo3;MINI The Swings.mvar;;;;;;;;
halo3;MINI The Toilet.mvar;;;;;;;;
halo3;MINI The Train.mvar;;;;;;;;
halo3;MINI TheStdents.mvar;;;;;;;;
halo3;MINI Toilet2.mvar;;;;;;;;
halo3;MINI TremorGorg.mvar;;;;;;;;
halo3;MINI TremrGulch.mvar;;;;;;;;
halo3;MINI TrshCmpact.mvar;;;;;;;;
halo3;MINI Vredefort.mvar;;;;;;;;
halo3;MINI Whackamole.mvar;Whack-A-Mole.bin;0;;;;;;
halo3;MINI WhiteHouse.mvar;;;;;;;;
halo3;MINI WindTunnel.mvar;;;;;;;;
halo3;MINI Windy Day.mvar;Wind.bin;0;;;;;;
halo3;MINI XGamesRamp.mvar;;;;;;;;
halo3;MISC Aerocrst11.mvar;;;;;;;;
halo3;MISC AfterNDlite.mvar;;;;;;;;
halo3;MISC Amalgam V2.mvar;;;;;;;;
halo3;MISC Amazing Mound.mvar;;;;;;;;
halo3;MISC AmaznMound.mvar;;;;;;;;
halo3;MISC Awsome.mvar;;;;;;;;
halo3;MISC BackBurner.mvar;;;;;;;;
halo3;MISC Bee Hive.mvar;;;;;;;;
halo3;MISC Blow Up The Bridge.mvar;;;;;;;;
halo3;MISC Boss.mvar;;;;;;;;
halo3;MISC Boxing Map.mvar;;;;;;;;
halo3;MISC Bridges 2.mvar;It Happened.bin;0;;;;;;
halo3;MISC Bull Dome.mvar;;;;;;;;
halo3;MISC Campgrounds V2.mvar;;;;;;;;
halo3;MISC Carbon.mvar;;;;;;;;
halo3;MISC Castle V3.mvar;;;;;;;;
halo3;MISC Castle Warz.mvar;;;;;;;;
halo3;MISC Cell Blk64.mvar;;;;;;;;
halo3;MISC Circulatin.mvar;;;;;;;;
halo3;MISC Cliffside.mvar;;;;;;;;
halo3;MISC Clock.mvar;;;;;;;;
halo3;MISC Clone Mchn.mvar;;;;;;;;
halo3;MISC CNSTRCTN.mvar;;;;;;;;
halo3;MISC COD WAW.mvar;;;;;;;;
halo3;MISC Cold Maze.mvar;;;;;;;;
halo3;MISC Collisume.mvar;;;;;;;;
halo3;MISC Constrict.mvar;;;;;;;;
halo3;MISC Constriction.mvar;;;;;;;;
halo3;MISC Corascant 2.3.mvar;;;;;;;;
halo3;MISC Corascant.mvar;;;;;;;;
halo3;MISC D Day.mvar;;;;;;;;
halo3;MISC Da MoDz.mvar;;;;;;;;
halo3;MISC DayOfDays.mvar;;;;;;;;
halo3;MISC Deathball.mvar;;;;;;;;
halo3;MISC Der Rise.mvar;;;;;;;;
halo3;MISC Desert Rockets.mvar;;;;;;;;
halo3;MISC DigToChina.mvar;;;;;;;;
halo3;MISC Distortion.mvar;;;;;;;;
halo3;MISC Drac Maze.mvar;;;;;;;;
halo3;MISC DrillinBay.mvar;;;;;;;;
halo3;MISC Dropships.mvar;;;;;;;;
halo3;MISC DuelOTFate.mvar;;;;;;;;
halo3;MISC EMPTY.mvar;;;;;;;;
halo3;MISC EndOfLine.mvar;;;;;;;;
halo3;MISC Epilogue.mvar;;;;;;;;
halo3;MISC Epoch.mvar;;;;;;;;
halo3;MISC ESPN 8OCHO.mvar;;;;;;;;
halo3;MISC Exe Arena.mvar;;;;;;;;
halo3;MISC Fatal Grnd.mvar;;;;;;;;
halo3;MISC Floodmines.mvar;;;;;;;;
halo3;MISC Foundry 3.mvar;;;;;;;;
halo3;MISC Foundry 4.mvar;;;;;;;;
halo3;MISC FridayHous.mvar;;;;;;;;
halo3;MISC Frostburn.mvar;;;;;;;;
halo3;MISC GA Workout.mvar;;;;;;;;
halo3;MISC GalaxyMilk.mvar;;;;;;;;
halo3;MISC Gang Wars.mvar;;;;;;;;
halo3;MISC GearsofWar.mvar;;;;;;;;
halo3;MISC Gettysburg.mvar;;;;;;;;
halo3;MISC Ghost Maze.mvar;;;;;;;;
halo3;MISC GirlAction.mvar;;;;;;;;
halo3;MISC H3T Map.mvar;;;;;;;;
halo3;MISC Halos Edge.mvar;;;;;;;;
halo3;MISC HastyHorn.mvar;;;;;;;;
halo3;MISC HelmDeepV2.mvar;;;;;;;;
halo3;MISC Hide&Seek.mvar;;;;;;;;
halo3;MISC Holy F.mvar;;;;;;;;
halo3;MISC Hoovervill.mvar;;;;;;;;
halo3;MISC House.mvar;;;;;;;;
halo3;MISC Hulk 2.0.mvar;;;;;;;;
halo3;MISC IceCstle25.mvar;;;;;;;;
halo3;MISC Infamy.mvar;;;;;;;;
halo3;MISC Infultratn.mvar;;;;;;;;
halo3;MISC Iraqi Tunel.mvar;;;;;;;;
halo3;MISC JmpAssault.mvar;;;;;;;;
halo3;MISC Jungle.mvar;;;;;;;;
halo3;MISC Knifing.mvar;;;;;;;;
halo3;MISC Kntky Tngo.mvar;;;;;;;;
halo3;MISC LandinSite.mvar;;;;;;;;
halo3;MISC LAPD Statn.mvar;;;;;;;;
halo3;MISC Last Dayv3.mvar;;;;;;;;
halo3;MISC LgndMnsion.mvar;;;;;;;;
halo3;MISC LongBridge.mvar;;;;;;;;
halo3;MISC LongRoad.mvar;;;;;;;;
halo3;MISC Machine.mvar;;;;;;;;
halo3;MISC Maul's Pit.mvar;;;;;;;;
halo3;MISC Miles.mvar;;;;;;;;
halo3;MISC Mino.mvar;;;;;;;;
halo3;MISC MonsterJam.mvar;;;;;;;;
halo3;MISC MX.mvar;;;;;;;;
halo3;MISC Neverland.mvar;;;;;;;;
halo3;MISC NevHouse.mvar;;;;;;;;
halo3;MISC NevileHous.mvar;;;;;;;;
halo3;MISC New Egypt.mvar;;;;;;;;
halo3;MISC NewMombasa.mvar;;;;;;;;
halo3;MISC ORCIncline.mvar;;;;;;;;
halo3;MISC Paradox.mvar;;;;;;;;
halo3;MISC PathoDeath.mvar;;;;;;;;
halo3;MISC Pelican.mvar;;;;;;;;
halo3;MISC PhntmMenac.mvar;;;;;;;;
halo3;MISC Picture.mvar;;;;;;;;
halo3;MISC Planet Mod.mvar;;;;;;;;
halo3;MISC Potence.mvar;;;;;;;;
halo3;MISC Protocol.mvar;;;;;;;;
halo3;MISC PrpleBnker.mvar;;;;;;;;
halo3;MISC PurplHome.mvar;;;;;;;;
halo3;MISC PurplReign.mvar;;;;;;;;
halo3;MISC Quadrants.mvar;;;;;;;;
halo3;MISC Quantum.mvar;;;;;;;;
halo3;MISC Ramp.mvar;;;;;;;;
halo3;MISC RealPrison.mvar;;;;;;;;
halo3;MISC ReconSwtch.mvar;;;;;;;;
halo3;MISC RecordRamp.mvar;;;;;;;;
halo3;MISC Reunited 2.mvar;;;;;;;;
halo3;MISC RidgeSide.mvar;;;;;;;;
halo3;MISC SBOX Skull.mvar;;;;;;;;
halo3;MISC Scarab.mvar;;;;;;;;
halo3;MISC ScopeFaith.mvar;;;;;;;;
halo3;MISC Sky Fort.mvar;;;;;;;;
halo3;MISC SkyBase.mvar;;;;;;;;
halo3;MISC SkyFortEel.mvar;;;;;;;;
halo3;MISC Skyland.mvar;;;;;;;;
halo3;MISC Smashed.mvar;;;;;;;;
halo3;MISC SnafuseBal.mvar;;;;;;;;
halo3;MISC SniperPit.mvar;;;;;;;;
halo3;MISC SpaceStn.mvar;;;;;;;;
halo3;MISC SpaceStn41.mvar;;;;;;;;
halo3;MISC Spc Sttn4.mvar;;;;;;;;
halo3;MISC Spc Stton3.mvar;;;;;;;;
halo3;MISC SpyMission.mvar;;;;;;;;
halo3;MISC StairwyGod.mvar;;;;;;;;
halo3;MISC StatePrsn.mvar;;;;;;;;
halo3;MISC Str8Ahead.mvar;;;;;;;;
halo3;MISC SuiChamber.mvar;;;;;;;;
halo3;MISC SuperDMaze.mvar;;;;;;;;
halo3;MISC Talladega.mvar;;;;;;;;
halo3;MISC Tarpless.mvar;;;;;;;;
halo3;MISC TBKGuard.mvar;;;;;;;;
halo3;MISC The Arena.mvar;;;;;;;;
halo3;MISC The Crypt.mvar;;;;;;;;
halo3;MISC TheBridges.mvar;;;;;;;;
halo3;MISC Titan.mvar;;;;;;;;
halo3;MISC ToTheChopa.mvar;;;;;;;;
halo3;MISC ToTheTop.mvar;;;;;;;;
halo3;MISC Tree City.mvar;;;;;;;;
halo3;MISC Unstp Frc.mvar;;;;;;;;
halo3;MISC UnstpblFrc.mvar;;;;;;;;
halo3;MISC Valhalla05.mvar;;;;;;;;
halo3;MISC WakaWaka.mvar;;;;;;;;
halo3;MISC Warlord.mvar;;;;;;;;
halo3;MISC WarZone.mvar;;;;;;;;
halo3;MISC Whiplash.mvar;;;;;;;;
halo3;MISC Whirlwind.mvar;;;;;;;;
halo3;MISC Windex9k.mvar;;;;;;;;
halo3;MISC Workplace.mvar;;;;;;;;
halo3;OBJ 8 Stry Bldg.mvar;;;;;;;;
halo3;OBJ AssaultAFlg.mvar;;;;;;;;
halo3;OBJ Great Wall.mvar;;;;;;;;
halo3;OBJ LastBirdout.mvar;;;;;;;;
halo3;OBJ Paralysis10.mvar;;;;;;;;
halo3;OBJ Protocol.mvar;;;;;;;;
halo3;OBJ RamPlatform.mvar;;;;;;;;
halo3;OBJ Rideside.mvar;;;;;;;;
halo3;OBJ SocraticMtd.mvar;;;;;;;;
halo3;OBST Cold Maze.mvar;;;;;;;;
halo3;OBST Determined.mvar;;;;;;;;
halo3;OBST Drac Maze.mvar;;;;;;;;
halo3;OBST Dungeon.mvar;;;;;;;;
halo3;OBST Fndry Maze.mvar;;;;;;;;
halo3;OBST ForgerCell.mvar;;;;;;;;
halo3;OBST Gauntlet.mvar;;;;;;;;
halo3;OBST Ghstmaze12.mvar;;;;;;;;
halo3;OBST KingdomoRa.mvar;;;;;;;;
halo3;OBST LegendOfRa.mvar;;;;;;;;
halo3;OBST LoadedOBST.mvar;;;;;;;;
halo3;OBST MtMidoryam.mvar;;;;;;;;
halo3;OBST ObstCourse.mvar;;;;;;;;
halo3;OBST Parkour.mvar;;;;;;;;
halo3;OBST Revelation.mvar;;;;;;;;
halo3;OBST Wax Off.mvar;;;;;;;;
halo3;RACE CliffSide.mvar;;;;;;;;
halo3;RACE Corridors DM.mvar;;;;;;;;
halo3;RACE Cratr Moon.mvar;;;;;;;;
halo3;RACE DemRacewy3.mvar;;;;;;;;
halo3;RACE Destroyer.mvar;;;;;;;;
halo3;RACE Devil Knot.mvar;;;;;;;;
halo3;RACE Diamondbak.mvar;;;;;;;;
halo3;RACE Diminished.mvar;;;;;;;;
halo3;RACE Dsrt Wave.mvar;braaaains_010.bin;0;;;;;;
halo3;RACE Evolution.mvar;;;;;;;;
halo3;RACE Frostbite.mvar;;;;;;;;
halo3;RACE GammaStone.mvar;;;;;;;;
halo3;RACE Glaciate.mvar;;;;;;;;
halo3;RACE Halo Ruins.mvar;;;;;;;;
halo3;RACE HyperNova.mvar;;;;;;;;
halo3;RACE Ignite HC.mvar;;;;;;;;
halo3;RACE Immolation.mvar;;;;;;;;
halo3;RACE IndiSunset.mvar;;;;;;;;
halo3;RACE JaggedPeak.mvar;;;;;;;;
halo3;RACE Lipan Conj.mvar;;;;;;;;
halo3;RACE LonghornMX.mvar;;;;;;;;
halo3;RACE Meltdown.mvar;;;;;;;;
halo3;RACE My Curse.mvar;;;;;;;;
halo3;RACE Painkiller.mvar;;;;;;;;
halo3;RACE Phobia HC.mvar;;;;;;;;
halo3;RACE Quasar.mvar;;;;;;;;
halo3;RACE RaceTrack.mvar;;;;;;;;
halo3;RACE Raceway 3.mvar;;;;;;;;
halo3;RACE Rawr.mvar;;;;;;;;
halo3;RACE RcktRceXXX.mvar;;;;;;;;
halo3;RACE RocketRace.mvar;;;;;;;;
halo3;RACE RROverpass.mvar;;;;;;;;
halo3;RACE SandDriftr.mvar;;;;;;;;
halo3;RACE Saturn.mvar;;;;;;;;
halo3;RACE Sbcnscious.mvar;;;;;;;;
halo3;RACE ShortTrack.mvar;;;;;;;;
halo3;RACE Slipstream.mvar;;;;;;;;
halo3;RACE SndtrpWARR.mvar;;;;;;;;
halo3;RACE Sonic HC.mvar;;;;;;;;
halo3;RACE SonicWave.mvar;;;;;;;;
halo3;RACE SpectacSun.mvar;;;;;;;;
halo3;RACE SugarRidge.mvar;;;;;;;;
halo3;RACE Surge.mvar;;;;;;;;
halo3;RACE The Skyway.mvar;;;;;;;;
halo3;RACE Transforgr.mvar;;;;;;;;
halo3;RACE Typhoon.mvar;;;;;;;;
halo3;RACE Ub3r Track.mvar;;;;;;;;
halo3;RACE WaveRipper.mvar;;;;;;;;
halo3;RACE WaveRunner.mvar;;;;;;;;
halo3;RACE Zephyr.mvar;;;;;;;;
halo3;SLYR Battlfield.mvar;;;;;;;;
halo3;SLYR Carbon.mvar;;;;;;;;
halo3;SLYR Dream On.mvar;;;;;;;;
halo3;SLYR Fatal Grnd.mvar;;;;;;;;
halo3;SLYR Fringe.mvar;;;;;;;;
halo3;SLYR Halo3 Wars.mvar;;;;;;;;
halo3;SLYR Hexaplex.mvar;;;;;;;;
halo3;SLYR Jackl Brdg.mvar;;;;;;;;
halo3;SLYR MLGAirborn.mvar;;;;;;;;
halo3;SLYR Multicog.mvar;;;;;;;;
halo3;SLYR OBHeadqtr.mvar;;;;;;;;
halo3;SLYR OrbitElvtr.mvar;;;;;;;;
halo3;SLYR Parking.mvar;;;;;;;;
halo3;SLYR POA 3.mvar;;;;;;;;
halo3;SLYR Rock Solid.mvar;;;;;;;;
halo3;SLYR Sentinel.mvar;;;;;;;;
halo3;SLYR Shack.mvar;;;;;;;;
halo3;SLYR Sniper Pit.mvar;;;;;;;;
halo3;SLYR Snowbound.mvar;;;;;;;;
halo3;SLYR Socratic.mvar;;;;;;;;
halo3;SLYR SpartanWar.mvar;;;;;;;;
halo3;SLYR The Mantle.mvar;;;;;;;;
halo3;SLYR TmSnipeWar.mvar;;;;;;;;
halo3;SLYR Tornament3.mvar;;;;;;;;
halo3;SLYR Utah Mambo.mvar;;;;;;;;
halo3;SLYR VietnamWar.mvar;;;;;;;;
haloreach;BTB Abridged.mvar;;;;;;;;
haloreach;BTB Affinity.mvar;;;;;;;;
haloreach;BTB Asphalt (Heavy).mvar;;;;;;;;
haloreach;BTB Axis Gun.mvar;;;;;;;;
haloreach;BTB Bay Side Hazard.mvar;;;;;;;;
haloreach;BTB Boarding Action.mvar;;;;;;;;
haloreach;BTB Breakout 2v2.mvar;;;;;;;;
haloreach;BTB Brick.mvar;;;;;;;;
haloreach;BTB Cascade.mvar;;;;;;;;
haloreach;BTB Cragmire.mvar;;;;;;;;
haloreach;BTB Danger Canyon Anniversary.mvar;;;;;;;;
haloreach;BTB Death Island Anniversary.mvar;;;;;;;;
haloreach;BTB Delta Facility (Heavy).mvar;;;;;;;;
haloreach;BTB Divide.mvar;;;;;;;;
haloreach;BTB Ellul.mvar;;;;;;;;
haloreach;BTB Embarcadero.mvar;;;;;;;;
haloreach;BTB Eminence (Heavy).mvar;;;;;;;;
haloreach;BTB Excavation.mvar;;;;;;;;
haloreach;BTB Foundation.mvar;;;;;;;;
haloreach;BTB Gephyrophobia Anniversary.mvar;;;;;;;;
haloreach;BTB Gully.mvar;;;;;;;;
haloreach;BTB Headlong Anniversary.mvar;;;;;;;;
haloreach;BTB Headstrong (Heavy).mvar;;;;;;;;
haloreach;BTB Hemorrhage Heavy.mvar;;;;;;;;
haloreach;BTB Hemorrhage RHR.mvar;;;;;;;;
haloreach;BTB Hivemind.mvar;;;;;;;;
haloreach;BTB I-40 North.mvar;;;;;;;;
haloreach;BTB Ice Fields Anniversary.mvar;;;;;;;;
haloreach;BTB Illium.mvar;;;;;;;;
haloreach;BTB Infinity Anniversary.mvar;;;;;;;;
haloreach;BTB Loa.mvar;;;;;;;;
haloreach;BTB Longevity.mvar;;;;;;;;
haloreach;BTB Metropolis V1.5.mvar;;;;;;;;
haloreach;BTB Midas.mvar;;;;;;;;
haloreach;BTB Mt. Lam Lam.mvar;;;;;;;;
haloreach;BTB New Alexandria.mvar;;;;;;;;
haloreach;BTB Panacea.mvar;;;;;;;;
haloreach;BTB Pearl Harbor.mvar;;;;;;;;
haloreach;BTB Pipeline.mvar;;;;;;;;
haloreach;BTB Port Authority.mvar;;;;;;;;
haloreach;BTB Precipice.mvar;;;;;;;;
haloreach;BTB Rasu (Heavy).mvar;;;;;;;;
haloreach;BTB Renegade.mvar;;;;;;;;
haloreach;BTB Rev5 Vigilance V0.9.mvar;;;;;;;;
haloreach;BTB S.mvar;;;;;;;;
haloreach;BTB Scrapyard.mvar;;;;;;;;
haloreach;BTB Select.mvar;;;;;;;;
haloreach;BTB Skyline 0.1.mvar;;;;;;;;
haloreach;BTB Solenoid.mvar;;;;;;;;
haloreach;BTB Spear Broken.mvar;;;;;;;;
haloreach;BTB Spectre.mvar;;;;;;;;
haloreach;BTB Station.mvar;;;;;;;;
haloreach;BTB Superiuor.mvar;;;;;;;;
haloreach;BTB Sustenance.mvar;;;;;;;;
haloreach;BTB Temptation.mvar;;;;;;;;
haloreach;BTB Terminal 777.mvar;;;;;;;;
haloreach;BTB Terra Firma.mvar;;;;;;;;
haloreach;BTB Thruway.mvar;;;;;;;;
haloreach;BTB Timberland Anniversary.mvar;;;;;;;;
haloreach;BTB Trident.mvar;;;;;;;;
haloreach;BTB Turnpike.mvar;;;;;;;;
haloreach;BTB Typhoon.mvar;;;;;;;;
haloreach;BTB Updraft.mvar;;;;;;;;
haloreach;BTB Utopie.mvar;;;;;;;;
haloreach;BTB Warhorse.mvar;;;;;;;;
haloreach;BTB Wax Super Island 2.mvar;;;;;;;;
haloreach;BTB Wayont.mvar;;;;;;;;
haloreach;FORGE Deep Sea.mvar;;;;;;;;
haloreach;FORGE Empty Sphere.mvar;;;;;;;;
haloreach;IcecreamMan.mvar;;;;;;;;
haloreach;INF 30 Days and Nights.mvar;;;;;;;;
haloreach;INF 5 Levels of Terror.mvar;[Infection] 5 Levels of Terror (INF 5 Levels of Terror).bin;0;;creap;;;;
haloreach;INF Act !1 - Long Way Out.mvar;;;;;;;;
haloreach;INF Act !2 - Treatment Plan 521.mvar;;;;;;;;
haloreach;INF Act !5 - Government Sector.mvar;;;;;;;;
haloreach;INF Act 1 - The Sewers.mvar;;;;;;;;
haloreach;INF Act 2 - The Streets.mvar;;;;;;;;
haloreach;INF Act 4 - Origins.mvar;;;;;;;;
haloreach;INF Adrift.mvar;;;;;;;;
haloreach;INF Aliens.mvar;;;;;;;;
haloreach;INF Arkngthamz.mvar;;;;;;;;
haloreach;INF Barts Manor.mvar;;;;;;;;
haloreach;INF Bayfalls City.mvar;;;;;;;;
haloreach;INF Bedlam.mvar;;;;;;;;
haloreach;INF BKane Asylum.mvar;;;;;;;;
haloreach;INF Bumper Heads.mvar;;;;;;;;
haloreach;INF Carnival of the Dead.mvar;;;;;;;;
haloreach;INF Citadel.mvar;;;;;;;;
haloreach;INF Cliffhanger.mvar;;;;;;;;
haloreach;INF Coal Mine.mvar;;;;;;;;
haloreach;INF Contagion-I.mvar;;;;;;;;
haloreach;INF Contagion-II.mvar;;;;;;;;
haloreach;INF Contained.mvar;;;;;;;;
haloreach;INF Containment.mvar;;;;;;;;
haloreach;INF Convict Side.mvar;;;;;;;;
haloreach;INF Corporate Horrors.mvar;;;;;;;;
haloreach;INF Corruption.mvar;;;;;;;;
haloreach;INF Count d'Houen.mvar;;;;;;;;
haloreach;INF Countdown to Destruction.mvar;;;;;;;;
haloreach;INF Countryside.mvar;;;;;;;;
haloreach;INF Crash.mvar;;;;;;;;
haloreach;INF Crazy Highway.mvar;;;;;;;;
haloreach;INF Crimson's Fear.mvar;;;;;;;;
haloreach;INF Cursed Town.mvar;;;;;;;;
haloreach;INF Dark Vilage.mvar;;;;;;;;
haloreach;INF Dead Address.mvar;;;;;;;;
haloreach;INF Dead Island.mvar;;;;;;;;
haloreach;INF Dead Reef.mvar;;;;;;;;
haloreach;INF Dead Space (Rifle's).mvar;;;;;;;;
haloreach;INF DEAD SWAMP.mvar;;;;;;;;
haloreach;INF Deadborough.mvar;;;;;;;;
haloreach;INF Deadwalk.mvar;;;;;;;;
haloreach;INF Death Highway.mvar;;;;;;;;
haloreach;INF Death Star Escape.mvar;;;;;;;;
haloreach;INF DeepScream9.mvar;;;;;;;;
haloreach;INF Dexterity Beta.mvar;;;;;;;;
haloreach;INF Divinity's Reach.mvar;;;;;;;;
haloreach;INF Division.mvar;;;;;;;;
haloreach;INF Downlinked.mvar;;;;;;;;
haloreach;INF DRIVE!! [Modded].mvar;;;;;;;;
haloreach;INF Dwelling of the Dead.mvar;;;;;;;;
haloreach;INF Emergency.mvar;;;;;;;;
haloreach;INF Facility 26.mvar;;;;;;;;
haloreach;INF Facility.mvar;;;;;;;;
haloreach;INF Fall of Divinity's Reach.mvar;;;;;;;;
haloreach;INF Favela Run.mvar;;;;;;;;
haloreach;INF Fear & Wonder.mvar;;;;;;;;
haloreach;INF Flood Facility.mvar;;;;;;;;
haloreach;INF Flooded Mines.mvar;;;;;;;;
haloreach;INF Forsaken Lagoon.mvar;;;;;;;;
haloreach;INF Frequentie.mvar;;;;;;;;
haloreach;INF Gallerria.mvar;;;;;;;;
haloreach;INF Genesis.mvar;;;;;;;;
haloreach;INF Get out of my House!!!.mvar;;;;;;;;
haloreach;INF Get Out Of My Villa!!.mvar;;;;;;;;
haloreach;INF Gewaychshaus der untotetn.mvar;;;;;;;;
haloreach;INF Ghost Ship.mvar;;;;;;;;
haloreach;INF Goblin.mvar;;;;;;;;
haloreach;INF Graveyard.mvar;;;;;;;;
haloreach;INF Gridlocked.mvar;;;;;;;;
haloreach;INF Haunted Village.mvar;;;;;;;;
haloreach;INF Hive Manifestation.mvar;;;;;;;;
haloreach;INF Idle Luxury.mvar;;;;;;;;
haloreach;INF Inanimate.mvar;;;;;;;;
haloreach;INF Industrial Docks.mvar;;;;;;;;
haloreach;INF Infected Resort.mvar;;;;;;;;
haloreach;INF Injection.mvar;;;;;;;;
haloreach;INF Insane Highway.mvar;;;;;;;;
haloreach;INF Installation 406 Alpha.mvar;;;;;;;;
haloreach;INF Intercity.mvar;;;;;;;;
haloreach;INF Interurban.mvar;;;;;;;;
haloreach;INF Joyriders.mvar;;;;;;;;
haloreach;INF Kino Der Toten.mvar;;;;;;;;
haloreach;INF Knee Deep.mvar;;;;;;;;
haloreach;INF Lakeside.mvar;;;;;;;;
haloreach;INF Last Bastion 1.3.mvar;;;;;;;;
haloreach;INF Loading Station.mvar;;;;;;;;
haloreach;INF Lone Souls in a Lost Mine.mvar;;;;;;;;
haloreach;INF Lost in NECROPOLIS.mvar;;;;;;;;
haloreach;INF maison 2.mvar;;;;;;;;
haloreach;INF maison 3.mvar;;;;;;;;
haloreach;INF maison 5.mvar;;;;;;;;
haloreach;INF Metro.mvar;;;;;;;;
haloreach;INF Milestone.mvar;;;;;;;;
haloreach;INF Mission Space.mvar;;;;;;;;
haloreach;INF Municipal Manor.mvar;;;;;;;;
haloreach;INF Municipal Square 1.2.mvar;;;;;;;;
haloreach;INF Not a Prayer.mvar;;;;;;;;
haloreach;INF OfLegions V1.3.mvar;;;;;;;;
haloreach;INF Origins [1] - The Labs.mvar;;;;;;;;
haloreach;INF Origins [2] - Ground Zero.mvar;;;;;;;;
haloreach;INF Origins [3] - Coastal Highway.mvar;;;;;;;;
haloreach;INF Origins [4] - Troubled Waters.mvar;;;;;;;;
haloreach;INF Outbreak III - Inner City.mvar;;;;;;;;
haloreach;INF Overgrown.mvar;;;;;;;;
haloreach;INF Pandemic.mvar;;;;;;;;
haloreach;INF Pandora's Fear.mvar;;;;;;;;
haloreach;INF Parasitic.mvar;;;;;;;;
haloreach;INF Parts Unknown.mvar;;;;;;;;
haloreach;INF Penn State Locker Room.mvar;;;;;;;;
haloreach;INF Pipes2.mvar;;;;;;;;
haloreach;INF Powerless.mvar;;;;;;;;
haloreach;INF Predator Forest.mvar;;;;;;;;
haloreach;INF Primordial Depths.mvar;;;;;;;;
haloreach;INF Priority.mvar;;;;;;;;
haloreach;INF Purgatory.mvar;;;;;;;;
haloreach;INF Pyramid of the Undead.mvar;;;;;;;;
haloreach;INF Pyrrhic.mvar;;;;;;;;
haloreach;INF Quarantine Zone.mvar;;;;;;;;
haloreach;INF Quarantine.mvar;;;;;;;;
haloreach;INF Railbreaker.mvar;;;;;;;;
haloreach;INF Raptors.mvar;;;;;;;;
haloreach;INF Recoil.mvar;;;;;;;;
haloreach;INF Rigamortis.mvar;;;;;;;;
haloreach;INF Romero Plaza.mvar;;;;;;;;
haloreach;INF Run (Pena's).mvar;;;;;;;;
haloreach;INF Rundown.mvar;;;;;;;;
haloreach;INF Sabbath.mvar;;;;;;;;
haloreach;INF Sanatorium.mvar;;;;;;;;
haloreach;INF Space Invasion.mvar;;;;;;;;
haloreach;INF Space Station.mvar;;;;;;;;
haloreach;INF Spartan Ops The Icon 1.6.mvar;;;;;;;;
haloreach;INF Spencer Mansion.mvar;;;;;;;;
haloreach;INF Spooky Base.mvar;;;;;;;;
haloreach;INF Storage.mvar;;;;;;;;
haloreach;INF Subterranean River.mvar;;;;;;;;
haloreach;INF Suburbia.mvar;;;;;;;;
haloreach;INF Superstition.mvar;;;;;;;;
haloreach;INF The Abandoned Mill 1.mvar;;;;;;;;
haloreach;INF The Abandoned Mill 2.mvar;;;;;;;;
haloreach;INF The Flood.mvar;;;;;;;;
haloreach;INF The Forgotton District.mvar;;;;;;;;
haloreach;INF The Horizon.mvar;;;;;;;;
haloreach;INF The Lighthouse.mvar;;;;;;;;
haloreach;INF THE MANSION XXL.mvar;;;;;;;;
haloreach;INF The Prison.mvar;;;;;;;;
haloreach;INF The Promethean Temple.mvar;;;;;;;;
haloreach;INF The Whisky Hotel.mvar;;;;;;;;
haloreach;INF Theater.mvar;;;;;;;;
haloreach;INF Trick or Treat.mvar;;;;;;;;
haloreach;INF Tunnel 5 of 5.mvar;;;;;;;;
haloreach;INF Uncongealed.mvar;;;;;;;;
haloreach;INF Undead Village.mvar;;;;;;;;
haloreach;INF Urban.mvar;;;;;;;;
haloreach;INF Vacex Laboratories.mvar;;;;;;;;
haloreach;INF Venice, Italy.mvar;;;;;;;;
haloreach;INF Village Point.mvar;;;;;;;;
haloreach;INF Waterfront Virus 1.4.mvar;;;;;;;;
haloreach;INF Weekend Deadaway!.mvar;;;;;;;;
haloreach;INF Withering Waters.mvar;;;;;;;;
haloreach;INF Zeppelin.mvar;;;;;;;;
haloreach;INF ZMP Camptown (pretty good map, crap to play as infected).mvar;;;;;;;;
haloreach;INF ZMP Dopet.mvar;;;;;;;;
haloreach;INF ZMP Farm.mvar;;;;;;;;
haloreach;INF ZMP Foundation.mvar;;;;;;;;
haloreach;INF ZMP Laboratory 50.mvar;;;;;;;;
haloreach;INF ZMP School.mvar;;;;;;;;
haloreach;INF ZMP Trainway.mvar;;;;;;;;
haloreach;INF ZMP Zombie Highway.mvar;;;;;;;;
haloreach;INF ZM_BioLab.mvar;;;;;;;;
haloreach;INF ZM_Cargo.mvar;;;;;;;;
haloreach;INF ZM_cavern.mvar;;;;;;;;
haloreach;INF ZM_Drone.mvar;;;;;;;;
haloreach;INF ZM_golf course.mvar;;;;;;;;
haloreach;INF ZM_Heights.mvar;;;;;;;;
haloreach;INF ZM_hospital.mvar;;;;;;;;
haloreach;INF ZM_Night Shift.mvar;;;;;;;;
haloreach;INF ZM_Prosper.mvar;;;;;;;;
haloreach;INF ZM_quarry.mvar;;;;;;;;
haloreach;INF ZM_streets.mvar;;;;;;;;
haloreach;INF Zombie Island.mvar;;;;;;;;
haloreach;INF Zombies in NEW YORK V2.0.mvar;;;;;;;;
haloreach;MISC Acid - Arena.mvar;;;;;;;;
haloreach;MISC Acid - Stadium.mvar;;;;;;;;
haloreach;MISC Among Us - Tunnels.mvar;;;;;;;;
haloreach;MISC Assassin Array.mvar;;;;;;;;
haloreach;MISC BankShot.mvar;;;;;;;;
haloreach;MISC Bouncin Bullets.mvar;;;;;;;;
haloreach;MISC C&R - Halo City.mvar;;;;;;;;
haloreach;MISC C&R - Lockdown.mvar;;;;;;;;
haloreach;MISC C&R - Prisoner Transport.mvar;;;;;;;;
haloreach;MISC C&R - Syn's Prison.mvar;;;;;;;;
haloreach;MISC C&R - Ultimate.mvar;;;;;;;;
haloreach;MISC Chess Ultimatum.mvar;;;;;;;;
haloreach;MISC Chess.mvar;;;;;;;;
haloreach;MISC Chessboard.mvar;;;;;;;;
haloreach;MISC Club - Epic.mvar;;;;;;;;
haloreach;MISC Clue - Castle In The Sky.mvar;;;;;;;;
haloreach;MISC Clue - Equilibrium.mvar;;;;;;;;
haloreach;MISC Clue - HC Manor.mvar;;;;;;;;
haloreach;MISC Clue - TC Tower.mvar;;;;;;;;
haloreach;MISC Clue - The Estate.mvar;;;;;;;;
haloreach;MISC DIE's Litesho.mvar;;;;;;;;
haloreach;MISC DMR Tournament Arena.mvar;;;;;;;;
haloreach;MISC Dodgeball Stadium.mvar;;;;;;;;
haloreach;MISC FK - 12 Levels.mvar;;;;;;;;
haloreach;MISC FK - A Dig to China.mvar;;;;;;;;
haloreach;MISC FK - Adventure.mvar;;;;;;;;
haloreach;MISC FK - Domination.mvar;;;;;;;;
haloreach;MISC FK - Toaster's Fat Kid.mvar;;;;;;;;
haloreach;MISC FWOT - Boneyard.mvar;;;;;;;;
haloreach;MISC FWOT - Breakpoint.mvar;;;;;;;;
haloreach;MISC FWOT - Bridgeland Valley.mvar;;;;;;;;
haloreach;MISC FWOT - Bridgeland.mvar;;;;;;;;
haloreach;MISC FWOT - Embarcadero.mvar;;;;;;;;
haloreach;MISC FWOT - Metropolis.mvar;;;;;;;;
haloreach;MISC FWOT - Tutropolis.mvar;;;;;;;;
haloreach;MISC GhostBall.mvar;;;;;;;;
haloreach;MISC Gladiator Arena.mvar;;;;;;;;
haloreach;MISC Gladiator Colosseum.mvar;;;;;;;;
haloreach;MISC Gladiator.mvar;;;;;;;;
haloreach;MISC Heist - TD Bank.mvar;;;;;;;;
haloreach;MISC Heist - The Office.mvar;;;;;;;;
haloreach;MISC Hockey Rink.mvar;;;;;;;;
haloreach;MISC HP - Aquaside Pursuit.mvar;;;;;;;;
haloreach;MISC HP - Autobahn.mvar;;;;;;;;
haloreach;MISC HP - Biohazard.mvar;;;;;;;;
haloreach;MISC HP - Cliffside Pursuit.mvar;;;;;;;;
haloreach;MISC HP - Clifftop Pursuit.mvar;;;;;;;;
haloreach;MISC HP - Concave.mvar;;;;;;;;
haloreach;MISC HP - Hillcrest.mvar;;;;;;;;
haloreach;MISC HP - Hot Pursuit 1.3.mvar;;;;;;;;
haloreach;MISC HP - Intertwined.mvar;;;;;;;;
haloreach;MISC HP - Last Life.mvar;;;;;;;;
haloreach;MISC HP - Livewire.mvar;;;;;;;;
haloreach;MISC HP - New York.mvar;;;;;;;;
haloreach;MISC HP - Ocean's Edge.mvar;;;;;;;;
haloreach;MISC HP - Paradise.mvar;;;;;;;;
haloreach;MISC HP - Uptown.mvar;;;;;;;;
haloreach;MISC Indoor Soccer.mvar;;;;;;;;
haloreach;MISC Juggernaut.mvar;;;;;;;;
haloreach;MISC LGCS Evolved.mvar;;;;;;;;
haloreach;MISC Lon Lon Ranch.mvar;;;;;;;;
haloreach;MISC Minesweeper Scenic.mvar;;;;;;;;
haloreach;MISC Minesweeper.mvar;;;;;;;;
haloreach;MISC NHPL - Aqua.mvar;;;;;;;;
haloreach;MISC NHPL - Beach.mvar;;;;;;;;
haloreach;MISC NHPL - Cave.mvar;;;;;;;;
haloreach;MISC NHPL - Rock.mvar;;;;;;;;
haloreach;MISC NHPL - Scuba.mvar;;;;;;;;
haloreach;MISC NHPL - Speed.mvar;;;;;;;;
haloreach;MISC NHPL - Village.mvar;;;;;;;;
haloreach;MISC Octagon (Ridgeland).mvar;;;;;;;;
haloreach;MISC Octagon (Small).mvar;;;;;;;;
haloreach;MISC Octagon V2 (Large).mvar;;;;;;;;
haloreach;MISC Reach Sham Bo 2 Lanes.mvar;;;;;;;;
haloreach;MISC Reach Sham Bo Hallway.mvar;;;;;;;;
haloreach;MISC Reach Sham Bo.mvar;;;;;;;;
haloreach;MISC RevBall.mvar;;;;;;;;
haloreach;MISC Roulette.mvar;;;;;;;;
haloreach;MISC SCHOOL - The University.mvar;;;;;;;;
haloreach;MISC StickBall FFA.mvar;;;;;;;;
haloreach;MISC StickBall RvB.mvar;[Infection] StickBall (SPORT StickBall).bin;0;;;;;;
haloreach;MISC Sword - Terrain Fusion.mvar;;;;;;;;
haloreach;MISC Sword Tournament ('Original).mvar;;;;;;;;
haloreach;MISC Sword Tournament (Polar's).mvar;;;;;;;;
haloreach;MISC Team Tac - City.mvar;;;;;;;;
haloreach;MISC Team Tac - Innercity.mvar;;;;;;;;
haloreach;MISC Team Tac - Neutral B.mvar;;;;;;;;
haloreach;MISC Team Tac - Universe.mvar;;;;;;;;
haloreach;MISC Team Tac - Urbanization.mvar;;;;;;;;
haloreach;MISC Woodland Chess.mvar;;;;;;;;
haloreach;OBJ AIR WARS! (Modded).mvar;;;;;;;;
haloreach;OBJ Attack on the Control Room.mvar;;;;;;;;
haloreach;OBJ Bring Down The Sky.mvar;;;;;;;;
haloreach;OBJ Broadcast.mvar;;;;;;;;
haloreach;OBJ Bunker Complex.mvar;;;;;;;;
haloreach;OBJ Canary.mvar;;;;;;;;
haloreach;OBJ Cano.mvar;;;;;;;;
haloreach;OBJ Capacitor.mvar;;;;;;;;
haloreach;OBJ Cargo Port 3k.mvar;;;;;;;;
haloreach;OBJ Castle Crashers.mvar;;;;;;;;
haloreach;OBJ Castle Rock.mvar;;;;;;;;
haloreach;OBJ Castle Wars 4 Kingdoms.mvar;;;;;;;;
haloreach;OBJ Castle Wars Reborn.mvar;;;;;;;;
haloreach;OBJ Castle Wars.mvar;;;;;;;;
haloreach;OBJ CCS Silent Barbarian V2.mvar;;;;;;;;
haloreach;OBJ Clarity.mvar;;;;;;;;
haloreach;OBJ Cleansing Bomb 2.0.mvar;;;;;;;;
haloreach;OBJ Coalition 6.mvar;;;;;;;;
haloreach;OBJ D.C. Invasion.mvar;;;;;;;;
haloreach;OBJ Deference 1.3.mvar;;;;;;;;
haloreach;OBJ Delta Halo.mvar;;;;;;;;
haloreach;OBJ Desperado.mvar;;;;;;;;
haloreach;OBJ Eden.mvar;;;;;;;;
haloreach;OBJ Energy Cells.mvar;;;;;;;;
haloreach;OBJ Expeditious.mvar;;;;;;;;
haloreach;OBJ Extruder.mvar;;;;;;;;
haloreach;OBJ Faceoff.mvar;;;;;;;;
haloreach;OBJ Floodgate.mvar;;;;;;;;
haloreach;OBJ Frontline.mvar;;;;;;;;
haloreach;OBJ Galactic Warfare.mvar;;;;;;;;
haloreach;OBJ Gotham Vault.mvar;;;;;;;;
haloreach;OBJ Hallwars.mvar;;;;;;;;
haloreach;OBJ Halo - Evolution.mvar;;;;;;;;
haloreach;OBJ Halo - Legacy.mvar;;;;;;;;
haloreach;OBJ Halo Wars - Scorpion Pass.mvar;;;;;;;;
haloreach;OBJ Harbor 6.mvar;;;;;;;;
haloreach;OBJ Husky Raid Classic.mvar;;;;;;;;
haloreach;OBJ Hydrochloric.mvar;;;;;;;;
haloreach;OBJ Lethiferous.mvar;;;;;;;;
haloreach;OBJ LOTR - Minas Tirith.mvar;;;;;;;;
haloreach;OBJ LOTR - Moria.mvar;;;;;;;;
haloreach;OBJ LOTR - Osgiliath.mvar;;;;;;;;
haloreach;OBJ MLG Zealot Ball.mvar;;;;;;;;
haloreach;OBJ Omaha Beach 1944.mvar;;;;;;;;
haloreach;OBJ Outskirts (Halo 2).mvar;;;;;;;;
haloreach;OBJ Overgrowth.mvar;;;;;;;;
haloreach;OBJ Pearl Harbor.mvar;;;;;;;;
haloreach;OBJ Penninsula.mvar;;;;;;;;
haloreach;OBJ RAFT WARS! (Modded).mvar;;;;;;;;
haloreach;OBJ Refinery.mvar;;;;;;;;
haloreach;OBJ Sierra 117.mvar;;;;;;;;
haloreach;OBJ Starfall V3.mvar;;;;;;;;
haloreach;OBJ Stockaid.mvar;;;;;;;;
haloreach;OBJ Summit.mvar;;;;;;;;
haloreach;OBJ Surfacing Hope 2.mvar;;;;;;;;
haloreach;OBJ The Covenant.mvar;;;;;;;;
haloreach;OBJ The Hushed Apprentice.mvar;;;;;;;;
haloreach;OBJ Trench Battlefield.mvar;;;;;;;;
haloreach;OBJ War.mvar;;;;;;;;
haloreach;OBJ Warfield - Deported.mvar;;;;;;;;
haloreach;OBJ Warfield - Operation 14.mvar;;;;;;;;
haloreach;OBJ Warfield - Oscar Dam.mvar;;;;;;;;
haloreach;OBST Box o' Parkour.mvar;;;;;;;;
haloreach;OBST Buddy's Challenge 1.mvar;;;;;;;;
haloreach;OBST Buddy's Challenge 2.mvar;;;;;;;;
haloreach;OBST Buddy's Challenge 3.mvar;;;;;;;;
haloreach;OBST Buddy's Challenge 4.mvar;;;;;;;;
haloreach;OBST Buddy's Challenge 5.mvar;;;;;;;;
haloreach;OBST Buddy's Challenge 6.mvar;;;;;;;;
haloreach;OBST Buddy's Challenge 7.mvar;;;;;;;;
haloreach;OBST Buddy's Challenge 8.mvar;;;;;;;;
haloreach;OBST Buddy's Challenge 9.mvar;;;;;;;;
haloreach;OBST CUBESKEW 2 - Skewed Easier.mvar;;;;;;;;
haloreach;OBST CUBESKEW 2 - Skewed Harder.mvar;;;;;;;;
haloreach;OBST CUBESKEW.mvar;;;;;;;;
haloreach;OBST Desert Temple.mvar;;;;;;;;
haloreach;OBST Destiny.mvar;;;;;;;;
haloreach;OBST Earth Temple.mvar;;;;;;;;
haloreach;OBST Facility 7.mvar;;;;;;;;
haloreach;OBST Fire Temple.mvar;;;;;;;;
haloreach;OBST Flaming Ninja Challenge 1.mvar;;;;;;;;
haloreach;OBST Flaming Ninja Challenge 2.mvar;;;;;;;;
haloreach;OBST Flushing 'Em Out.mvar;;;;;;;;
haloreach;OBST Forest Temple.mvar;;;;;;;;
haloreach;OBST Frameworks 4.0.mvar;;;;;;;;
haloreach;OBST Get to the Top 1.mvar;;;;;;;;
haloreach;OBST Get to the Top 2.mvar;;;;;;;;
haloreach;OBST Get to the Top 3.mvar;;;;;;;;
haloreach;OBST Get to the Top 4.mvar;;;;;;;;
haloreach;OBST Get to the Top 5.mvar;;;;;;;;
haloreach;OBST Get to the Top 6.mvar;;;;;;;;
haloreach;OBST Hallway.mvar;;;;;;;;
haloreach;OBST I'm Stuck 1.mvar;;;;;;;;
haloreach;OBST I'm Stuck 2.mvar;;;;;;;;
haloreach;OBST I'm Stuck 3.mvar;;;;;;;;
haloreach;OBST I'm Stuck 4.mvar;;;;;;;;
haloreach;OBST I'm Stuck 5.mvar;;;;;;;;
haloreach;OBST IJ - Evil Snowman.mvar;;;;;;;;
haloreach;OBST IJ - Kanin's Indiana Jones.mvar;;;;;;;;
haloreach;OBST IJ - Ninja Run.mvar;;;;;;;;
haloreach;OBST IJ - NYC's Indiana Jones.mvar;;;;;;;;
haloreach;OBST IJ - Skull Cave.mvar;;;;;;;;
haloreach;OBST IJ - slay3r's Skull Run.mvar;;;;;;;;
haloreach;OBST IJ - Sturm's Indiana Jones.mvar;;;;;;;;
haloreach;OBST Impossible Obstacle Course.mvar;;;;;;;;
haloreach;OBST Masta Challenge 1.mvar;;;;;;;;
haloreach;OBST Masta Challenge 2.mvar;;;;;;;;
haloreach;OBST Masta Challenge 3.mvar;;;;;;;;
haloreach;OBST Mountain Climb.mvar;;;;;;;;
haloreach;OBST OMG Really 1.mvar;;;;;;;;
haloreach;OBST OMG Really 2.mvar;;;;;;;;
haloreach;OBST OMG Really 3.mvar;;;;;;;;
haloreach;OBST OMG Really 4.mvar;;;;;;;;
haloreach;OBST OMG Really 5.mvar;;;;;;;;
haloreach;OBST Poseidon's Lair.mvar;;;;;;;;
haloreach;OBST PuzzleQuest - Canyon.mvar;;;;;;;;
haloreach;OBST PuzzleQuest - Island.mvar;;;;;;;;
haloreach;OBST PuzzleQuest - Ninja.mvar;;;;;;;;
haloreach;OBST PuzzleQuest - Sky.mvar;;;;;;;;
haloreach;OBST PuzzleQuest - TMNT.mvar;;;;;;;;
haloreach;OBST Quad Towers.mvar;;;;;;;;
haloreach;OBST Reset Upset.mvar;;;;;;;;
haloreach;OBST Rising Falls.mvar;;;;;;;;
haloreach;OBST Running man 3.2.mvar;;;;;;;;
haloreach;OBST Skyworks 4.2.mvar;;;;;;;;
haloreach;OBST StompingLlama's Trial.mvar;;;;;;;;
haloreach;OBST The Blue Orchid.mvar;;;;;;;;
haloreach;OBST The Emerald Skull.mvar;;;;;;;;
haloreach;OBST The Great Escape.mvar;;;;;;;;
haloreach;OBST The Impossible Jump 1.mvar;;;;;;;;
haloreach;OBST The Last Crusade.mvar;;;;;;;;
haloreach;OBST The Resort.mvar;;;;;;;;
haloreach;OBST The Temple of Doom.mvar;;;;;;;;
haloreach;OBST The Ultimate Ninja!.mvar;;;;;;;;
haloreach;OBST Vertigo.mvar;;;;;;;;
haloreach;OBST Waterworks 2.4.mvar;;;;;;;;
haloreach;RACE 2012 #1.mvar;;;;;;;;
haloreach;RACE 2012 #2.mvar;;;;;;;;
haloreach;RACE 2012 #3.mvar;;;;;;;;
haloreach;RACE 2012 #4.mvar;;;;;;;;
haloreach;RACE 2012 #5.mvar;;;;;;;;
haloreach;RACE 2012 #6.mvar;;;;;;;;
haloreach;RACE 2012 #8.mvar;;;;;;;;
haloreach;RACE 2012 #extra.mvar;;;;;;;;
haloreach;RACE 2012 - Vortex.mvar;;;;;;;;
haloreach;RACE 2012 AMA SX - Oakland.mvar;;;;;;;;
haloreach;RACE 2012 AMA SX - Phoenix.mvar;;;;;;;;
haloreach;RACE A Bit Screwy.mvar;;;;;;;;
haloreach;RACE Abstract Distortion.mvar;;;;;;;;
haloreach;RACE Accelerator.mvar;;;;;;;;
haloreach;RACE Acid.mvar;;;;;;;;
haloreach;RACE Aftermath.mvar;;;;;;;;
haloreach;RACE Alpinestar SX.mvar;;;;;;;;
haloreach;RACE Avenue.mvar;;;;;;;;
haloreach;RACE Barren Wasteland.mvar;;;;;;;;
haloreach;RACE Battle for Hoth.mvar;;;;;;;;
haloreach;RACE Beachfront Resort.mvar;;;;;;;;
haloreach;RACE Blackwater MX.mvar;;;;;;;;
haloreach;RACE Boulevard.mvar;;;;;;;;
haloreach;RACE Breakpoint.mvar;;;;;;;;
haloreach;RACE Candyland.mvar;;;;;;;;
haloreach;RACE Canyon Coaster.mvar;;;;;;;;
haloreach;RACE Cavernous Deep.mvar;;;;;;;;
haloreach;RACE Chained.mvar;;;;;;;;
haloreach;RACE City of The Dragon.mvar;;;;;;;;
haloreach;RACE Cliffside Chicken.mvar;;;;;;;;
haloreach;RACE Coastline.mvar;;;;;;;;
haloreach;RACE Collateral City.mvar;;;;;;;;
haloreach;RACE Comeback.mvar;;;;;;;;
haloreach;RACE Cookie SX.mvar;;;;;;;;
haloreach;RACE Cookie's Monsters.mvar;;;;;;;;
haloreach;RACE CROSS BONES.mvar;;;;;;;;
haloreach;RACE Danish.mvar;;;;;;;;
haloreach;RACE Death Island MX.mvar;;;;;;;;
haloreach;RACE Devine.mvar;;;;;;;;
haloreach;RACE DO A BARREL ROLL RELOADED.mvar;;;;;;;;
haloreach;RACE Downtown Chaos.mvar;;;;;;;;
haloreach;RACE Dream Scape HC.mvar;;;;;;;;
haloreach;RACE Dusk HC Hard.mvar;;;;;;;;
haloreach;RACE Electric.mvar;;;;;;;;
haloreach;RACE Elemental HC.mvar;;;;;;;;
haloreach;RACE Emulsion.mvar;;;;;;;;
haloreach;RACE Epcot SX.mvar;;;;;;;;
haloreach;RACE Epicity.mvar;;;;;;;;
haloreach;RACE Eragon.mvar;;;;;;;;
haloreach;RACE Fluorescent.mvar;;;;;;;;
haloreach;RACE Fore-runned.mvar;;;;;;;;
haloreach;RACE Funkzilla.mvar;;;;;;;;
haloreach;RACE Fus Ro Dah!.mvar;;;;;;;;
haloreach;RACE Goldhaven Cliffs.mvar;;;;;;;;
haloreach;RACE Harry Potter The Grounds.mvar;;;;;;;;
haloreach;RACE Hatred Sphere.mvar;;;;;;;;
haloreach;RACE Hell Land.mvar;;;;;;;;
haloreach;RACE Hiatus SX.mvar;;;;;;;;
haloreach;RACE HT HC (Hard).mvar;;;;;;;;
haloreach;RACE Hyper Nova V2.mvar;;;;;;;;
haloreach;RACE Insane.mvar;;;;;;;;
haloreach;RACE Intensity Race.mvar;;;;;;;;
haloreach;RACE Kaleidoscopic.mvar;;;;;;;;
haloreach;RACE Kingdom Come.mvar;;;;;;;;
haloreach;RACE LOTR Minas Tirith Track.mvar;;;;;;;;
haloreach;RACE LVSX Stadium.mvar;;;;;;;;
haloreach;RACE Magic Mushroom.mvar;;;;;;;;
haloreach;RACE Mario Kart - Daisy Cruiser.mvar;;;;;;;;
haloreach;RACE Minas Morgul.mvar;;;;;;;;
haloreach;RACE Mirror Madness.mvar;;;;;;;;
haloreach;RACE Modern Art.mvar;;;;;;;;
haloreach;RACE Mon Dieu V2.mvar;;;;;;;;
haloreach;RACE Mon Dieu.mvar;;;;;;;;
haloreach;RACE Mongoose Pro 2 (Hard).mvar;;;;;;;;
haloreach;RACE Moon.mvar;;;;;;;;
haloreach;RACE MX 5.2.mvar;;;;;;;;
haloreach;RACE Nativity SX.mvar;;;;;;;;
haloreach;RACE Naval Raceway.mvar;;;;;;;;
haloreach;RACE Nightmare.mvar;;;;;;;;
haloreach;RACE Noble Park.mvar;;;;;;;;
haloreach;RACE Ocean Race.mvar;;;;;;;;
haloreach;RACE Octane.mvar;;;;;;;;
haloreach;RACE Paradisal Path.mvar;;;;;;;;
haloreach;RACE Penultimate Battle.mvar;;;;;;;;
haloreach;RACE Perfect Insanity.mvar;;;;;;;;
haloreach;RACE Perish.mvar;;;;;;;;
haloreach;RACE Plutonic.mvar;;;;;;;;
haloreach;RACE Poseidon.mvar;;;;;;;;
haloreach;RACE Race to Glory.mvar;;;;;;;;
haloreach;RACE Rainbow Road 1.0.mvar;;;;;;;;
haloreach;RACE Rainbow Road 2.0.mvar;;;;;;;;
haloreach;RACE Revolution.mvar;;;;;;;;
haloreach;RACE RLD's Fun Box.mvar;;;;;;;;
haloreach;RACE Road to Zion.mvar;;;;;;;;
haloreach;RACE Road Work Ahead.mvar;;;;;;;;
haloreach;RACE Rocket Science.mvar;;;;;;;;
haloreach;RACE Roller Coaster Xtreme.mvar;;;;;;;;
haloreach;RACE Rooftops SX.mvar;;;;;;;;
haloreach;RACE Round the Mountain V2.mvar;;;;;;;;
haloreach;RACE Round the Mountain.mvar;;;;;;;;
haloreach;RACE Santa's Lair V2.mvar;;;;;;;;
haloreach;RACE Scorched.mvar;;;;;;;;
haloreach;RACE Slytherfunk HC.mvar;;;;;;;;
haloreach;RACE Springcreek.mvar;;;;;;;;
haloreach;RACE Star Wars Battle of Endor.mvar;;;;;;;;
haloreach;RACE Star Wars Sandcrawler.mvar;;;;;;;;
haloreach;RACE Stupefy.mvar;;;;;;;;
haloreach;RACE Summer Slopes.mvar;;;;;;;;
haloreach;RACE Super 8.mvar;;;;;;;;
haloreach;RACE Tamaliinized.mvar;;;;;;;;
haloreach;RACE The Maw Race.mvar;;;;;;;;
haloreach;RACE The Oval City Bananza.mvar;;;;;;;;
haloreach;RACE Thunder Barrel (Checkpoint 13 broken).mvar;;;;;;;;
haloreach;RACE Thunder Barrel.mvar;;;;;;;;
haloreach;RACE Thunder Horse.mvar;;;;;;;;
haloreach;RACE Trinity Force.mvar;;;;;;;;
haloreach;RACE Unevasive Jungle.mvar;;;;;;;;
haloreach;RACE Unhinged.mvar;;;;;;;;
haloreach;RACE Warthog Racetrack 3.0.mvar;;;;;;;;
haloreach;RACE Water Cyclone.mvar;;;;;;;;
haloreach;RACE Waterfall Track.mvar;;;;;;;;
haloreach;RACE Wax Raceland 1.3.mvar;;;;;;;;
haloreach;RACE Wonders of the World Pt 1.mvar;;;;;;;;
haloreach;RACE Wonders of the World Pt 2.mvar;;;;;;;;
haloreach;RACE Wonders of the World Pt 3.mvar;;;;;;;;
haloreach;RACE X-Crosser.mvar;;;;;;;;
haloreach;RACE Xerosphere.mvar;;;;;;;;
haloreach;RACE Xxplosive.mvar;;;;;;;;
haloreach;RACE Yoshi's Circuit.mvar;;;;;;;;
haloreach;RACE Zelda Raceway Pt1.mvar;;;;;;;;
haloreach;RACE Zestril.mvar;;;;;;;;
haloreach;RACE! BT - Aurora Oceanis 2.mvar;;;;;;;;
haloreach;RACE! BT - Casper.mvar;;;;;;;;
haloreach;RACE! BT - Era Vulgaris.mvar;;;;;;;;
haloreach;RACE! BT - Excelsior!.mvar;;;;;;;;
haloreach;RACE! BT - Fame.mvar;;;;;;;;
haloreach;RACE! BT - Frozen Over.mvar;;;;;;;;
haloreach;RACE! BT - Fuel.mvar;;;;;;;;
haloreach;RACE! BT - Galaxy.mvar;;;;;;;;
haloreach;RACE! BT - Hex V2.mvar;;;;;;;;
haloreach;RACE! BT - High Tide.mvar;;;;;;;;
haloreach;RACE! BT - Jaw Dropper.mvar;;;;;;;;
haloreach;RACE! BT - Legendary.mvar;;;;;;;;
haloreach;RACE! BT - Minus.mvar;;;;;;;;
haloreach;RACE! BT - Momentum Decor.mvar;;;;;;;;
haloreach;RACE! BT - Mongoose Race 21.mvar;;;;;;;;
haloreach;RACE! BT - Mulholand.mvar;;;;;;;;
haloreach;RACE! BT - Murmaider.mvar;;;;;;;;
haloreach;RACE! BT - Mystic.mvar.mvar;;;;;;;;
haloreach;RACE! BT - Pipeline.mvar;;;;;;;;
haloreach;RACE! BT - Popcorn.mvar;;;;;;;;
haloreach;RACE! BT - Quadcross.mvar;;;;;;;;
haloreach;RACE! BT - Sapphire Falls.mvar;;;;;;;;
haloreach;RACE! BT - Serpenthelm.mvar;;;;;;;;
haloreach;RACE! BT - Sub-Zero.mvar;;;;;;;;
haloreach;RACE! BT - The Bay.mvar;;;;;;;;
haloreach;RACE! BT - The Lobby.mvar;;;;;;;;
haloreach;RACE! BT - Tridescent.mvar;;;;;;;;
haloreach;RACE! BT - Viatrophy.mvar;;;;;;;;
haloreach;SLYR 1080i.mvar;;;;;;;;
haloreach;SLYR Absolution.mvar;;;;;;;;
haloreach;SLYR Aerowalk.mvar;;;;;;;;
haloreach;SLYR Amaranthine.mvar;;;;;;;;
haloreach;SLYR Ancestry.mvar;;;;;;;;
haloreach;SLYR Aquatica.mvar;;;;;;;;
haloreach;SLYR Archives.mvar;;;;;;;;
haloreach;SLYR Arena Of Hunger.mvar;;;;;;;;
haloreach;SLYR Arena Zealot.mvar;;;;;;;;
haloreach;SLYR Asylum (SWAT).mvar;;;;;;;;
haloreach;SLYR Asylum 2v2.mvar;;;;;;;;
haloreach;SLYR Atom V3.mvar;;;;;;;;
haloreach;SLYR Battle Canyon 2v2.mvar;;;;;;;;
haloreach;SLYR Beaver Creek Anniversary.mvar;;;;;;;;
haloreach;SLYR Bishop.mvar;;;;;;;;
haloreach;SLYR Brash.mvar;;;;;;;;
haloreach;SLYR Bum Fluff.mvar;;;;;;;;
haloreach;SLYR Burial Mounds Remake.mvar;;;;;;;;
haloreach;SLYR Caspian.mvar;;;;;;;;
haloreach;SLYR Catacombs.mvar;;;;;;;;
haloreach;SLYR Centri.mvar;;;;;;;;
haloreach;SLYR Cereberus V2.mvar;;;;;;;;
haloreach;SLYR Chateau.mvar;;;;;;;;
haloreach;SLYR Chill Out (Halo CE).mvar;;;;;;;;
haloreach;SLYR Chiron TL-34.mvar;;;;;;;;
haloreach;SLYR Click.mvar;;;;;;;;
haloreach;SLYR Cliffhanger V2.mvar;;;;;;;;
haloreach;SLYR Cold Snap.mvar;;;;;;;;
haloreach;SLYR Comms Array.mvar;;;;;;;;
haloreach;SLYR Concord.mvar;;;;;;;;
haloreach;SLYR Cornerstone.mvar;;;;;;;;
haloreach;SLYR Countdown (SWAT).mvar;;;;;;;;
haloreach;SLYR Cryostasis Labs.mvar;;;;;;;;
haloreach;SLYR Cypher City.mvar;;;;;;;;
haloreach;SLYR Damnation Anniversary.mvar;;;;;;;;
haloreach;SLYR Deceiver.mvar;;;;;;;;
haloreach;SLYR Derelict (Halo CE).mvar;;;;;;;;
haloreach;SLYR Despair.mvar;;;;;;;;
haloreach;SLYR Drake's Perch Armory.mvar;;;;;;;;
haloreach;SLYR Dreadnought.mvar;;;;;;;;
haloreach;SLYR Echidna.mvar;;;;;;;;
haloreach;SLYR Eclipse.mvar;;;;;;;;
haloreach;SLYR Eden Minor.mvar;;;;;;;;
haloreach;SLYR Eden Prime.mvar;;;;;;;;
haloreach;SLYR Elicit.mvar;;;;;;;;
haloreach;SLYR Enclosed 2v2.mvar;;;;;;;;
haloreach;SLYR Enclosed.mvar;;;;;;;;
haloreach;SLYR Entrap.mvar;;;;;;;;
haloreach;SLYR Erasure.mvar;;;;;;;;
haloreach;SLYR Escher.mvar;;;;;;;;
haloreach;SLYR FHT Hollow Crown.mvar;;;;;;;;
haloreach;SLYR Focal.mvar;;;;;;;;
haloreach;SLYR Foundation.mvar;;;;;;;;
haloreach;SLYR Foundry.mvar;;;;;;;;
haloreach;SLYR Genetic.mvar;;;;;;;;
haloreach;SLYR Gridlock.mvar;;;;;;;;
haloreach;SLYR Grotto.mvar;;;;;;;;
haloreach;SLYR Hang 'Em High Anniversary.mvar;;;;;;;;
haloreach;SLYR Hangar UH-144.mvar;;;;;;;;
haloreach;SLYR Haven (Halo 4).mvar;;;;;;;;
haloreach;SLYR Hazard.mvar;;;;;;;;
haloreach;SLYR Hiatus.mvar;;;;;;;;
haloreach;SLYR Higher Level.mvar;;;;;;;;
haloreach;SLYR Hobble Creek.mvar;;;;;;;;
haloreach;SLYR Honed Extent.mvar;;;;;;;;
haloreach;SLYR Hotel Zanzibar.mvar;;;;;;;;
haloreach;SLYR Hydra XXIII.mvar;;;;;;;;
haloreach;SLYR Idoma.mvar;;;;;;;;
haloreach;SLYR Imago.mvar;;;;;;;;
haloreach;SLYR Impound.mvar;;;;;;;;
haloreach;SLYR Impulse.mvar;;;;;;;;
haloreach;SLYR INDIGO.mvar;;;;;;;;
haloreach;SLYR Insurrection.mvar;;;;;;;;
haloreach;SLYR Kernal.mvar;;;;;;;;
haloreach;SLYR Kingdom.mvar;;;;;;;;
haloreach;SLYR Kokiri Forest.mvar;;;;;;;;
haloreach;SLYR Labyrinthian.mvar;;;;;;;;
haloreach;SLYR Liquor.mvar;;;;;;;;
haloreach;SLYR LO Snake Mountain.mvar;;;;;;;;
haloreach;SLYR LO Waterfront Village.mvar;;;;;;;;
haloreach;SLYR Longest (Halo CE).mvar;;;;;;;;
haloreach;SLYR Magus.mvar;;;;;;;;
haloreach;SLYR Mausoleum.mvar;;;;;;;;
haloreach;SLYR Memoriam.mvar;;;;;;;;
haloreach;SLYR Mini Universe.mvar;;;;;;;;
haloreach;SLYR Mint.mvar;;;;;;;;
haloreach;SLYR MLG Abrasion V2.mvar;;;;;;;;
haloreach;SLYR MLG Android.mvar;;;;;;;;
haloreach;SLYR MLG Battle Canyon.mvar;;;;;;;;
haloreach;SLYR MLG Countdown.mvar;;;;;;;;
haloreach;SLYR MLG Element X.mvar;;;;;;;;
haloreach;SLYR MLG Nexus.mvar;;;;;;;;
haloreach;SLYR MLG Oasis.mvar;;;;;;;;
haloreach;SLYR MLG Onslaught.mvar;;;;;;;;
haloreach;SLYR MLG Penance.mvar;;;;;;;;
haloreach;SLYR MLG Pit.mvar;;;;;;;;
haloreach;SLYR MLG Redemption.mvar;;;;;;;;
haloreach;SLYR MLG Retroactive.mvar;;;;;;;;
haloreach;SLYR MLG Sanctuary.mvar;;;;;;;;
haloreach;SLYR MLG Simplex.mvar;;;;;;;;
haloreach;SLYR MLG Splash.mvar;;;;;;;;
haloreach;SLYR MLG Veridian.mvar;;;;;;;;
haloreach;SLYR MLG Warlock.mvar;;;;;;;;
haloreach;SLYR MLG Zealot.mvar;;;;;;;;
haloreach;SLYR MT Valicore Malice Ruins.mvar;;;;;;;;
haloreach;SLYR Noble Creek.mvar;;;;;;;;
haloreach;SLYR Observatory.mvar;;;;;;;;
haloreach;SLYR Oracle.mvar;;;;;;;;
haloreach;SLYR Orbital Elevator.mvar;;;;;;;;
haloreach;SLYR Orbital.mvar;;;;;;;;
haloreach;SLYR Orion.mvar;;;;;;;;
haloreach;SLYR Pillaged.mvar;;;;;;;;
haloreach;SLYR Powerhouse (SWAT).mvar;;;;;;;;
haloreach;SLYR Powerhouse 2v2.mvar;;;;;;;;
haloreach;SLYR Prisoner Anniversary.mvar;;;;;;;;
haloreach;SLYR Prolonged.mvar;;;;;;;;
haloreach;SLYR Prophet.mvar;;;;;;;;
haloreach;SLYR Pulse V1.mvar;;;;;;;;
haloreach;SLYR Rampant.mvar;;;;;;;;
haloreach;SLYR Raptors.mvar;;;;;;;;
haloreach;SLYR Rat Race (Halo CE).mvar;;;;;;;;
haloreach;SLYR Rat Trap.mvar;;;;;;;;
haloreach;SLYR Reactor.mvar;;;;;;;;
haloreach;SLYR Reflection (SWAT).mvar;;;;;;;;
haloreach;SLYR Reflection 2v2.mvar;;;;;;;;
haloreach;SLYR Relic.mvar;;;;;;;;
haloreach;SLYR Relinquish.mvar;;;;;;;;
haloreach;SLYR Renova.mvar;;;;;;;;
haloreach;SLYR Restate.mvar;;;;;;;;
haloreach;SLYR Retroactive.mvar;;;;;;;;
haloreach;SLYR Rev5 Pulse V1.mvar;;;;;;;;
haloreach;SLYR Sandstone.mvar;;;;;;;;
haloreach;SLYR Scythe.mvar;;;;;;;;
haloreach;SLYR Sentinel Directory.mvar;;;;;;;;
haloreach;SLYR Simulation BETA.mvar;;;;;;;;
haloreach;SLYR Solitary 2v2.mvar;;;;;;;;
haloreach;SLYR Sovereign.mvar;;;;;;;;
haloreach;SLYR Spectral.mvar;;;;;;;;
haloreach;SLYR Spirit Final.mvar;;;;;;;;
haloreach;SLYR Sword Base.mvar;;;;;;;;
haloreach;SLYR Synapse.mvar;;;;;;;;
haloreach;SLYR Synch.mvar;;;;;;;;
haloreach;SLYR Synergy V2.mvar;;;;;;;;
haloreach;SLYR Synthesis.mvar;;;;;;;;
haloreach;SLYR Temperance v1.1.mvar;;;;;;;;
haloreach;SLYR Temple.mvar;;;;;;;;
haloreach;SLYR Temptation.mvar;;;;;;;;
haloreach;SLYR Terminal.mvar;;;;;;;;
haloreach;SLYR Testament 0.2.mvar;;;;;;;;
haloreach;SLYR Tethered.mvar;;;;;;;;
haloreach;SLYR The Bloody Dutchman.mvar;;;;;;;;
haloreach;SLYR The Observatory.mvar;;;;;;;;
haloreach;SLYR The Pit (Halo 3).mvar;;;;;;;;
haloreach;SLYR Think Twice.mvar;;;;;;;;
haloreach;SLYR Trapavoid.mvar;;;;;;;;
haloreach;SLYR Treasury 2v2.mvar;;;;;;;;
haloreach;SLYR Treasury.mvar;;;;;;;;
haloreach;SLYR Triumvirate B.mvar;;;;;;;;
haloreach;SLYR Turf.mvar;;;;;;;;
haloreach;SLYR Unanchored 2v2.mvar;;;;;;;;
haloreach;SLYR Uncaged 2v2.mvar;;;;;;;;
haloreach;SLYR Uncaged.mvar;;;;;;;;
haloreach;SLYR Unconquered.mvar;;;;;;;;
haloreach;SLYR Uplink.mvar;;;;;;;;
haloreach;SLYR Valkyrie.mvar;;;;;;;;
haloreach;SLYR Vaulted.mvar;;;;;;;;
haloreach;SLYR Vile.mvar;;;;;;;;
haloreach;SLYR Wake.mvar;;;;;;;;
haloreach;SLYR Wizard (Halo CE).mvar;;;;;;;;
haloreach;SLYR Zealot (SWAT).mvar;;;;;;;;
;;;;;;;;;
